Benchmark,Perf Issue,Severity,Median Ratio,CI Lower,CI Upper,Perf Change Found
database.BenchmarkRawValues,basic-auth,0,0.997868227757221,0.9927555404887701,1.0047794223495827,False
service.BenchmarkRequestCreateBooking,basic-auth,0,0.9992438245672997,0.9768709730712044,1.0498298534516664,False
service.BenchmarkHandlerGetFlight,basic-auth,0,0.9968790637191159,0.9297759879184496,1.058489033306255,False
service.BenchmarkHandlerGetFlightsQuery,basic-auth,0,0.9961641109336439,0.9812476729307061,1.0111507989660626,False
database.BenchmarkValuesGenerics,basic-auth,0,0.9996923888955463,0.9914484835087953,1.0059163960903863,False
service.BenchmarkHandlerGetDestinations,basic-auth,0,1.0004375037755293,0.9874523208088903,1.0127618486403256,False
service.BenchmarkRequestSeats,basic-auth,0,1.0038576903060983,0.9699131709392224,1.0294255020350538,False
service.BenchmarkRequestFlight,basic-auth,0,1.0001173846695621,0.9831038074296956,1.0223880597014925,False
database.BenchmarkGet,basic-auth,0,0.9944444444444445,0.9548953409858203,1.037600337980566,False
database.BenchmarkRawGet,basic-auth,0,0.985441767068273,0.9712576680138236,1.0050994390617032,False
database.BenchmarkPut,basic-auth,0,1.0018761726078798,0.942513178515458,1.0559316817971995,False
service.BenchmarkRequestDestinations,basic-auth,0,0.998750949331527,0.9767297701141566,1.0202279865696984,False
service.BenchmarkHandlerGetBookings,basic-auth,0,0.9937198924254514,0.983555157787781,1.004030908590595,False
database.BenchmarkGetGenerics,basic-auth,0,1.0070546737213404,0.9646226415094339,1.0410940263981494,False
database.BenchmarkValues,basic-auth,0,1.0025143715781748,0.9967507841149832,1.009856486511219,False
service.BenchmarkHandlerGetFlightSeats,basic-auth,0,0.995190416846335,0.9719622865411908,1.0154172524748188,False
service.BenchmarkRequestFlightsQuery,basic-auth,0,1.0009324237577657,0.9857651145036935,1.014332796123065,False
service.BenchmarkHandlerCreateBooking,basic-auth,0,1.0035981495231023,0.9774026268973088,1.0240661820005013,False
service.BenchmarkRequestFlights,basic-auth,0,0.9903923492660434,0.9570063736234774,1.0160653778887647,False
service.BenchmarkHandlerGetFlights,basic-auth,0,0.9929093785219364,0.9764217268224279,1.0218615131175888,False
service.BenchmarkRequestBookings,basic-auth,0,0.9915132105684548,0.962420558165239,1.0256924675794135,False
service.BenchmarkRequestDestinations,basic-auth,1,0.997844451413217,0.9762504379603317,1.0200767306312168,False
database.BenchmarkRawGet,basic-auth,1,1.0040712468193385,0.9815920398009951,1.024579557678847,False
service.BenchmarkRequestFlightsQuery,basic-auth,1,0.9961448108708074,0.9792506269506923,1.0115993800063012,False
database.BenchmarkRawValues,basic-auth,1,0.9998875935159498,0.992698650239206,1.0084743296308452,False
database.BenchmarkValuesGenerics,basic-auth,1,0.9970962979343917,0.9894965906798604,1.010799307532696,False
service.BenchmarkRequestBookings,basic-auth,1,1.0141346973056913,0.9816827773232876,1.0642123458687052,False
database.BenchmarkGet,basic-auth,1,1.0052142051860202,0.9685421286031043,1.03558106169297,False
service.BenchmarkHandlerGetBookings,basic-auth,1,1.0006164041686965,0.9890495969529313,1.0101873042640328,False
service.BenchmarkHandlerCreateBooking,basic-auth,1,0.9971235903687901,0.9717783969219689,1.029545410222907,False
database.BenchmarkPut,basic-auth,1,0.9901678125231019,0.9387158110282288,1.0388582951989451,False
service.BenchmarkHandlerGetDestinations,basic-auth,1,0.9944859772363851,0.9814737149154673,1.020153518103035,False
service.BenchmarkRequestFlights,basic-auth,1,0.9912593805111765,0.9180269926647091,1.1113425986041545,False
database.BenchmarkValues,basic-auth,1,1.0016902248807131,0.9924409003005581,1.0152706076311655,False
service.BenchmarkHandlerGetFlightsQuery,basic-auth,1,0.9968679755131872,0.9833189837604418,1.0125445169701275,False
service.BenchmarkHandlerGetFlights,basic-auth,1,1.0072316462077375,0.9903636945801013,1.018788825621368,False
service.BenchmarkHandlerGetFlightSeats,basic-auth,1,0.9911501413860369,0.9705934265022437,1.0208084134932447,False
service.BenchmarkRequestSeats,basic-auth,1,1.001263913006348,0.9827243871539635,1.0225713569404453,False
service.BenchmarkHandlerGetFlight,basic-auth,1,1.0018621973929236,0.9567469567469568,1.0626865671641792,False
service.BenchmarkRequestCreateBooking,basic-auth,1,1.0267698403291625,0.9963736025000417,1.0631555456371347,False
service.BenchmarkRequestFlight,basic-auth,1,0.9934005279577633,0.979381443298969,1.018879958249221,False
database.BenchmarkGetGenerics,basic-auth,1,0.9971291866028708,0.9660697455230914,1.0329411764705883,False
service.BenchmarkRequestFlightsQuery,basic-auth,2,1.0041779712879881,0.9823436291535578,1.0170042306676643,False
service.BenchmarkRequestCreateBooking,basic-auth,2,1.0639666790829976,1.0248404290320459,1.0917151648663248,True
database.BenchmarkValuesGenerics,basic-auth,2,1.0014470528756725,0.9953509648977857,1.010772856580247,False
service.BenchmarkRequestFlight,basic-auth,2,1.0055654233274127,0.9894111764705883,1.0190749188877155,False
service.BenchmarkRequestFlights,basic-auth,2,0.999384572309572,0.9058592315652436,1.0477156210938208,False
database.BenchmarkRawValues,basic-auth,2,0.9999750649350649,0.9934059830117443,1.0065537132945364,False
service.BenchmarkHandlerGetFlightSeats,basic-auth,2,1.002252419706909,0.9837096418327572,1.0263081049355887,False
service.BenchmarkHandlerGetFlights,basic-auth,2,1.0076223455616997,0.9887676154804376,1.0322067871040677,False
service.BenchmarkHandlerGetDestinations,basic-auth,2,1.0018171045094566,0.98404263675907,1.0195346460956105,False
service.BenchmarkHandlerGetFlightsQuery,basic-auth,2,0.9991904456984573,0.9869391065630846,1.0126871861760662,False
service.BenchmarkRequestSeats,basic-auth,2,1.0062381664175386,0.9860760397408727,1.0252695003095964,False
service.BenchmarkRequestBookings,basic-auth,2,1.0242010788268892,0.98655250524188,1.06203179285231,False
database.BenchmarkGetGenerics,basic-auth,2,0.9965991021629711,0.9547599481631145,1.0451907131011609,False
database.BenchmarkRawGet,basic-auth,2,1.000503524672709,0.9840000000000001,1.0232558139534884,False
database.BenchmarkPut,basic-auth,2,1.0168322705027437,0.9622249301125367,1.0399491369665852,False
database.BenchmarkGet,basic-auth,2,1.0132003932032019,0.9614336331425457,1.0452097505668934,False
service.BenchmarkHandlerCreateBooking,basic-auth,2,0.9958062045193413,0.9720508758600561,1.0301072742933208,False
service.BenchmarkHandlerGetBookings,basic-auth,2,1.0046987351738577,0.992411324341988,1.0173767195242367,False
database.BenchmarkValues,basic-auth,2,0.9993560629020469,0.9948477255331791,1.0042864850612967,False
service.BenchmarkRequestDestinations,basic-auth,2,0.9997418552924244,0.9848264434405295,1.0221103619791019,False
service.BenchmarkHandlerGetFlight,basic-auth,2,1.013727560718057,0.947290323870653,1.0650095602294456,False
service.BenchmarkRequestDestinations,basic-auth,4,0.9941791227373138,0.9815268987546963,1.0112944701377036,False
service.BenchmarkHandlerGetFlights,basic-auth,4,0.9956732605631228,0.9745667864699695,1.0194614583941657,False
service.BenchmarkHandlerGetFlightSeats,basic-auth,4,0.9932507557477784,0.9812251775183537,1.022231767841131,False
database.BenchmarkPut,basic-auth,4,1.0050572661014427,0.9608041654613826,1.047127392944852,False
service.BenchmarkHandlerGetDestinations,basic-auth,4,1.0008127489224055,0.9823541881102845,1.015020211345669,False
service.BenchmarkRequestFlight,basic-auth,4,1.0084695216509605,0.9857380556215832,1.0283858551840268,False
service.BenchmarkHandlerCreateBooking,basic-auth,4,1.0034770647460025,0.9701385695318981,1.0362656116670543,False
service.BenchmarkRequestCreateBooking,basic-auth,4,1.1316789738952797,1.115394846217789,1.1577919428070453,True
database.BenchmarkRawGet,basic-auth,4,0.9984794728839332,0.9805873568939771,1.0255242770148834,False
database.BenchmarkValuesGenerics,basic-auth,4,0.9971180664997533,0.9855397729740709,1.0119204612020936,False
service.BenchmarkRequestSeats,basic-auth,4,0.9908123080437002,0.9694161923994861,1.0193137319964318,False
service.BenchmarkHandlerGetFlightsQuery,basic-auth,4,1.0005200587412189,0.9835201517542081,1.0140840091137988,False
service.BenchmarkRequestFlightsQuery,basic-auth,4,0.9967508187879245,0.9807108252513669,1.017305853270953,False
database.BenchmarkRawValues,basic-auth,4,0.9998047058953887,0.9933157244434727,1.006723741431313,False
service.BenchmarkRequestBookings,basic-auth,4,1.0326575121043162,0.9913862617491531,1.05982786463737,False
database.BenchmarkValues,basic-auth,4,0.9979595954252201,0.9872718949519887,1.0118088041889493,False
service.BenchmarkRequestFlights,basic-auth,4,1.0117804646946975,0.900627017564851,1.1161628327188058,False
database.BenchmarkGetGenerics,basic-auth,4,0.9913955364345255,0.9610802223987291,1.0302704157137093,False
service.BenchmarkHandlerGetFlight,basic-auth,4,1.018010752688172,0.948514344262295,1.059725585149314,False
database.BenchmarkGet,basic-auth,4,1.0061564292710228,0.9707073434125271,1.0274754242092834,False
service.BenchmarkHandlerGetBookings,basic-auth,4,1.0069059451830322,0.9923466481632991,1.0187986809423908,False
service.BenchmarkHandlerGetFlight,basic-auth,8,1.0186965811965811,0.950296162760752,1.065468204990609,False
service.BenchmarkHandlerGetBookings,basic-auth,8,1.0022718173188956,0.9927991013421688,1.014161182354932,False
database.BenchmarkRawGet,basic-auth,8,1.0061130922058075,0.9859578736208626,1.0257466529351185,False
database.BenchmarkGet,basic-auth,8,1.0032596371882088,0.9570126513399538,1.0494824897206863,False
service.BenchmarkRequestFlight,basic-auth,8,1.0016674606955693,0.988741407916568,1.0179409993979531,False
database.BenchmarkRawValues,basic-auth,8,0.9994388382419901,0.994796908923031,1.0052530634733545,False
service.BenchmarkHandlerGetFlights,basic-auth,8,1.000612995679149,0.9813290739133,1.0129628646260682,False
database.BenchmarkPut,basic-auth,8,1.0041621029572836,0.9719024808750983,1.0479317632850242,False
service.BenchmarkRequestCreateBooking,basic-auth,8,1.26911195600516,1.2240394384024782,1.3195731632197303,True
service.BenchmarkRequestSeats,basic-auth,8,0.9960672135148816,0.9609663844382066,1.0187666146250898,False
service.BenchmarkRequestDestinations,basic-auth,8,0.9972158670821447,0.9923560500958183,1.0129177719184168,False
database.BenchmarkValues,basic-auth,8,0.9978673366591644,0.9934949558334578,1.0035726736346933,False
service.BenchmarkHandlerGetFlightsQuery,basic-auth,8,0.9993711943449402,0.9914157376650149,1.0076658265053657,False
service.BenchmarkRequestFlights,basic-auth,8,1.008150696332464,0.9872472718018811,1.0391949290381346,False
service.BenchmarkHandlerGetDestinations,basic-auth,8,0.9988290174894082,0.9901506674357646,1.0081433244280151,False
service.BenchmarkRequestFlightsQuery,basic-auth,8,1.0042905172184904,0.992728738194536,1.0091364345602927,False
database.BenchmarkValuesGenerics,basic-auth,8,0.9971408346168201,0.9890887847242986,1.0039161409824515,False
service.BenchmarkHandlerCreateBooking,basic-auth,8,1.01436203826047,0.9796561819683207,1.0341391543725647,False
service.BenchmarkRequestBookings,basic-auth,8,1.021963843831489,0.9774517479562436,1.0603319772321775,False
service.BenchmarkHandlerGetFlightSeats,basic-auth,8,1.0029613250004277,0.972117508998053,1.0207332528668391,False
database.BenchmarkGetGenerics,basic-auth,8,1.0038319419734503,0.9628696459355522,1.0464477119692182,False
database.BenchmarkRawGet,basic-auth,16,1.0010030090270814,0.9775536731451531,1.0239064089521872,False
service.BenchmarkRequestBookings,basic-auth,16,1.0510424070125564,1.027902686554959,1.1078005401449105,True
service.BenchmarkRequestCreateBooking,basic-auth,16,1.4715008711524102,1.4324851955489035,1.5227953355306085,True
database.BenchmarkValues,basic-auth,16,1.003704504129183,0.9915860530523833,1.01011667826624,False
service.BenchmarkRequestFlights,basic-auth,16,0.9963616331538806,0.9753047822799209,1.030283483279579,False
database.BenchmarkValuesGenerics,basic-auth,16,1.0007072161124475,0.9920762409516108,1.0088146130001532,False
service.BenchmarkHandlerGetFlight,basic-auth,16,1.0089051859612364,0.9455332145584118,1.0555853920515577,False
service.BenchmarkHandlerGetFlightSeats,basic-auth,16,0.9920591178595077,0.9698349710950712,1.0192535229660775,False
service.BenchmarkHandlerCreateBooking,basic-auth,16,1.0151618141308862,0.978586367085562,1.0401811148388003,False
database.BenchmarkRawValues,basic-auth,16,1.0016095437780683,0.9940294612505579,1.0065566501780494,False
database.BenchmarkGetGenerics,basic-auth,16,0.9977193453179501,0.9634066078715282,1.0325047801147227,False
service.BenchmarkRequestSeats,basic-auth,16,0.9976567341154876,0.9807573286884336,1.0164170715442506,False
service.BenchmarkHandlerGetDestinations,basic-auth,16,1.0084132186353678,0.9890192348422926,1.0190444506339718,False
service.BenchmarkRequestFlightsQuery,basic-auth,16,1.0010911281022203,0.9833635962905819,1.0187055795774171,False
service.BenchmarkRequestFlight,basic-auth,16,1.0023512814483893,0.982584465343086,1.01983608504573,False
database.BenchmarkGet,basic-auth,16,1.0033618153803054,0.9637917005695688,1.0388335903546895,False
service.BenchmarkRequestDestinations,basic-auth,16,1.0024105330414035,0.9840853432869928,1.0252827579440196,False
service.BenchmarkHandlerGetBookings,basic-auth,16,0.9938010134149252,0.9850765326715031,1.0064618997994081,False
service.BenchmarkHandlerGetFlights,basic-auth,16,0.9971396925064318,0.9380076801521582,1.0605330081602813,False
database.BenchmarkPut,basic-auth,16,1.009141172134169,0.9700177812124359,1.051125668247873,False
service.BenchmarkHandlerGetFlightsQuery,basic-auth,16,0.9986057902434617,0.986127833029891,1.0181237716307425,False
service.BenchmarkHandlerGetFlightSeats,basic-auth,32,1.0037490498787465,0.9792054533943071,1.023419820411154,False
service.BenchmarkHandlerGetDestinations,basic-auth,32,1.0021437661023667,0.9920961352713971,1.0115847046563868,False
service.BenchmarkRequestCreateBooking,basic-auth,32,1.88705609362389,1.8199851839657584,1.9674948670524146,True
service.BenchmarkHandlerGetBookings,basic-auth,32,1.0063235167981355,0.9834937200094396,1.0141258866903253,False
database.BenchmarkRawGet,basic-auth,32,0.9919597989949749,0.9825087456271864,1.0161290322580645,False
database.BenchmarkGetGenerics,basic-auth,32,1.0026820437173125,0.9643564356435643,1.037158469945355,False
service.BenchmarkHandlerGetFlightsQuery,basic-auth,32,0.993804771085749,0.9830180283826352,1.0083373869661816,False
service.BenchmarkRequestDestinations,basic-auth,32,0.9985651671320108,0.9896751367666381,1.0085334418455014,False
service.BenchmarkRequestSeats,basic-auth,32,0.9929663488429082,0.9679519994285646,1.0131772673733803,False
database.BenchmarkPut,basic-auth,32,0.9982579661755099,0.9769031515325947,1.0363593698693851,False
service.BenchmarkRequestFlightsQuery,basic-auth,32,0.9978908317525199,0.9897112079766364,1.0081193549692677,False
service.BenchmarkHandlerCreateBooking,basic-auth,32,0.9913332069030912,0.9579961290865288,1.0201640726826648,False
database.BenchmarkValues,basic-auth,32,1.0001944096127222,0.9916237528721004,1.0078419937038292,False
service.BenchmarkRequestFlights,basic-auth,32,0.9843412779909564,0.9568729188322558,1.0090293412423166,False
service.BenchmarkRequestFlight,basic-auth,32,0.9905207723815097,0.970952698473136,1.0098880152489875,False
service.BenchmarkRequestBookings,basic-auth,32,1.1022413721794515,1.0644533692393148,1.1430486885108524,True
database.BenchmarkGet,basic-auth,32,0.991761636688178,0.9581810799837597,1.0302690582959642,False
service.BenchmarkHandlerGetFlights,basic-auth,32,1.0001936727370524,0.950609421801455,1.0290278653934002,False
service.BenchmarkHandlerGetFlight,basic-auth,32,0.9730718954248366,0.9402491736587846,1.0556894243641233,False
database.BenchmarkValuesGenerics,basic-auth,32,1.00404234551733,0.9918995293194478,1.0191251471670062,False
database.BenchmarkRawValues,basic-auth,32,1.0013992137882644,0.9949112817614052,1.0086585237618229,False
database.BenchmarkRawGet,basic-auth,64,0.9964841788046207,0.9791148682247639,1.0177304964539007,False
service.BenchmarkRequestFlights,basic-auth,64,1.0052340568235087,0.9837741030512939,1.0227508859134995,False
service.BenchmarkHandlerGetFlightsQuery,basic-auth,64,0.9966172929757706,0.9849789374428443,1.0110622490433787,False
service.BenchmarkHandlerGetDestinations,basic-auth,64,0.9996919064728536,0.984591554078112,1.0070031901683034,False
service.BenchmarkRequestFlightsQuery,basic-auth,64,0.9974251808220365,0.9835768331010982,1.0103372363409966,False
service.BenchmarkHandlerCreateBooking,basic-auth,64,0.9984145259621373,0.9705635770843037,1.034292653777204,False
service.BenchmarkRequestCreateBooking,basic-auth,64,2.700798972990321,2.6256795492735,2.772540254990603,True
service.BenchmarkHandlerGetFlight,basic-auth,64,1.0060911016949152,0.9502691617533966,1.0591369206180075,False
database.BenchmarkValues,basic-auth,64,1.0016352261167227,0.9966481355101482,1.0098002296451667,False
service.BenchmarkRequestBookings,basic-auth,64,1.1676233415869028,1.1172837648218936,1.2126320294343165,True
database.BenchmarkGetGenerics,basic-auth,64,1.0065627563576702,0.9594532488114106,1.0460245280418905,False
service.BenchmarkRequestFlight,basic-auth,64,0.9943728018757327,0.9814035087719298,1.0117481203007517,False
service.BenchmarkHandlerGetFlights,basic-auth,64,1.004697034476369,0.9071202030078844,1.1311041414862764,False
service.BenchmarkRequestDestinations,basic-auth,64,1.0034277183676628,0.9914761568225519,1.0151414071168166,False
database.BenchmarkValuesGenerics,basic-auth,64,0.9990437725258554,0.9927667441885415,1.0069271695381528,False
database.BenchmarkGet,basic-auth,64,1.0115590639977445,0.9600379301002439,1.0477961255026633,False
database.BenchmarkRawValues,basic-auth,64,1.0004195083860141,0.9953814662111187,1.0057722635672366,False
service.BenchmarkHandlerGetFlightSeats,basic-auth,64,1.0013230067431285,0.9752554607581438,1.0303834578318065,False
service.BenchmarkRequestSeats,basic-auth,64,0.9972765332047987,0.9738312641388535,1.0184857036184904,False
database.BenchmarkPut,basic-auth,64,0.9907555684961422,0.9592838579266532,1.030985925157635,False
service.BenchmarkHandlerGetBookings,basic-auth,64,0.9971385343546291,0.9854565077385907,1.0098934039492964,False
service.BenchmarkHandlerGetFlight,basic-auth,128,0.9944693178825389,0.9443735646848685,1.05,False
database.BenchmarkRawValues,basic-auth,128,1.002570980045357,0.9949875075875516,1.0083161731967942,False
database.BenchmarkRawGet,basic-auth,128,1.0060975609756098,0.990495247623812,1.0267627380339681,False
service.BenchmarkHandlerGetFlights,basic-auth,128,0.9923317152911333,0.913904729672561,1.0291428611097613,False
service.BenchmarkRequestCreateBooking,basic-auth,128,3.8179962521750768,3.750537456325727,3.90223977585363,True
service.BenchmarkRequestDestinations,basic-auth,128,0.9954444546739301,0.9803090529682326,1.0106519196943797,False
database.BenchmarkGet,basic-auth,128,1.003104275433893,0.9613506916192026,1.0432247973837623,False
service.BenchmarkRequestFlights,basic-auth,128,0.9928901953485657,0.9687443438006271,1.0217898304960489,False
database.BenchmarkPut,basic-auth,128,0.9883307243489399,0.9604349351104875,1.0278694536120279,False
service.BenchmarkHandlerCreateBooking,basic-auth,128,1.0183266627089755,0.9702986911287615,1.0457768910134262,False
database.BenchmarkValues,basic-auth,128,1.0000104638502747,0.993565659750076,1.0091678538711844,False
service.BenchmarkRequestBookings,basic-auth,128,1.2881350348458664,1.2515244429079402,1.3372973756399358,True
service.BenchmarkHandlerGetFlightsQuery,basic-auth,128,0.9956927016617374,0.984547059032708,1.0183381946064638,False
service.BenchmarkRequestSeats,basic-auth,128,0.9964269864287673,0.9720078356551977,1.0167539625288333,False
database.BenchmarkValuesGenerics,basic-auth,128,1.003909149899092,0.9967452647635278,1.009424305169724,False
service.BenchmarkHandlerGetBookings,basic-auth,128,0.9967121722164488,0.9885593220338983,1.0083103070144472,False
service.BenchmarkHandlerGetDestinations,basic-auth,128,1.002366851841348,0.9886559228264218,1.0184469051341791,False
database.BenchmarkGetGenerics,basic-auth,128,1.0064242755604156,0.9620687958325213,1.04294731064764,False
service.BenchmarkRequestFlight,basic-auth,128,1.0034507377439317,0.9922839506172841,1.0176695319961795,False
service.BenchmarkHandlerGetFlightSeats,basic-auth,128,1.008757033483113,0.9816560253231063,1.0325016790979824,False
service.BenchmarkRequestFlightsQuery,basic-auth,128,0.997267713902608,0.9829016507826658,1.0161985769883097,False
service.BenchmarkHandlerGetFlights,basic-auth,256,0.996592960883687,0.886366054105533,1.12686898076865,False
database.BenchmarkPut,basic-auth,256,0.9905262378802457,0.9599655617735687,1.04265086054724,False
service.BenchmarkHandlerGetFlight,basic-auth,256,1.0010576414595451,0.9470019124883559,1.0685668190373758,False
service.BenchmarkHandlerGetDestinations,basic-auth,256,0.9995408827542862,0.9900743140367358,1.0127294697800044,False
service.BenchmarkRequestFlights,basic-auth,256,0.9979368257500155,0.9735107911340626,1.0343586838074974,False
service.BenchmarkRequestDestinations,basic-auth,256,0.9991626946343317,0.992253976669444,1.0115483854695007,False
database.BenchmarkGetGenerics,basic-auth,256,0.9929615592853275,0.9544088830829522,1.0393315064520308,False
database.BenchmarkRawGet,basic-auth,256,1.0015120967741937,0.9805194805194806,1.0172852058973056,False
database.BenchmarkRawValues,basic-auth,256,1.0018831140059372,0.9954301483270093,1.0052983546821719,False
service.BenchmarkHandlerCreateBooking,basic-auth,256,1.0109115230269443,0.9706019337891462,1.0449275362318842,False
service.BenchmarkHandlerGetFlightsQuery,basic-auth,256,0.992975180493454,0.9843796452603572,1.009014836241639,False
database.BenchmarkValuesGenerics,basic-auth,256,0.9967292302450526,0.9920288797426704,1.0041335020020714,False
service.BenchmarkRequestSeats,basic-auth,256,1.004131681294752,0.9828795116053588,1.0317023659460316,False
service.BenchmarkRequestBookings,basic-auth,256,1.4423404373629578,1.3925135825793125,1.4706374445441064,True
service.BenchmarkRequestFlightsQuery,basic-auth,256,0.9977870162315735,0.9880610001639906,1.0107881190775974,False
database.BenchmarkGet,basic-auth,256,0.9980320494798988,0.9524503227333825,1.045519001701645,False
database.BenchmarkValues,basic-auth,256,0.9999979126100271,0.9926904729066155,1.0071502957742724,False
service.BenchmarkHandlerGetFlightSeats,basic-auth,256,0.993730461369336,0.9719920400998743,1.0299148239640339,False
service.BenchmarkRequestCreateBooking,basic-auth,256,5.410042262024552,5.256976687356434,5.684162047193984,True
service.BenchmarkHandlerGetBookings,basic-auth,256,0.998199922663344,0.987991531396069,1.0067022516536626,False
service.BenchmarkRequestFlight,basic-auth,256,1.0034157832744404,0.9884115650239964,1.014667612964277,False
service.BenchmarkRequestSeats,basic-auth,512,1.0077609905193312,0.9824851614921171,1.0255488217674393,False
service.BenchmarkHandlerCreateBooking,basic-auth,512,0.9987115880158456,0.9778707503128558,1.0369295907166378,False
service.BenchmarkRequestDestinations,basic-auth,512,1.0015176609021574,0.9825900699315552,1.0152512288220863,False
service.BenchmarkRequestBookings,basic-auth,512,1.7405938991827818,1.6959691930766478,1.776487975360164,True
database.BenchmarkGetGenerics,basic-auth,512,0.9987877155172413,0.9617968647082071,1.0349785704410341,False
service.BenchmarkHandlerGetFlightsQuery,basic-auth,512,0.9970100001037714,0.9844174899870153,1.0102219038879816,False
service.BenchmarkHandlerGetDestinations,basic-auth,512,1.0055164281437277,0.9857020948569385,1.0206366498028678,False
service.BenchmarkHandlerGetFlight,basic-auth,512,1.0010646792653712,0.942849820604818,1.0471161657189278,False
database.BenchmarkValues,basic-auth,512,0.9985378945856549,0.9883242103933133,1.0130536513640584,False
database.BenchmarkRawGet,basic-auth,512,1.0020181634712413,0.9798792756539235,1.0229725636955769,False
database.BenchmarkPut,basic-auth,512,0.9940924531088465,0.9597446168429546,1.0318996144833321,False
service.BenchmarkHandlerGetBookings,basic-auth,512,1.0012693474928152,0.9864399502546488,1.0123637834315715,False
database.BenchmarkGet,basic-auth,512,0.997889404812157,0.9538986475342239,1.0420300214438885,False
database.BenchmarkValuesGenerics,basic-auth,512,1.0062143497513076,0.9927531443386446,1.0193979159701805,False
service.BenchmarkRequestFlightsQuery,basic-auth,512,1.0015283287742853,0.9890136122169723,1.0138414203285153,False
service.BenchmarkRequestFlight,basic-auth,512,1.001776619684946,0.9861159724652899,1.0189896094589754,False
database.BenchmarkRawValues,basic-auth,512,1.0014384649702508,0.9932769572244954,1.0066581256038107,False
service.BenchmarkHandlerGetFlightSeats,basic-auth,512,1.0013711373679683,0.9727998368503132,1.0196253945015232,False
service.BenchmarkRequestFlights,basic-auth,512,0.9981762583817166,0.8743516128642584,1.12497021355352,False
service.BenchmarkHandlerGetFlights,basic-auth,512,1.0018884771221181,0.9844715383309817,1.0079967370360976,False
service.BenchmarkRequestCreateBooking,basic-auth,512,9.94751287611819,9.435910855985142,10.276124966115479,True
service.BenchmarkHandlerCreateBooking,basic-auth,1024,1.0066966421123122,0.9742854482822828,1.0395225983173548,False
service.BenchmarkRequestFlight,basic-auth,1024,0.997397681570854,0.9858429858429859,1.0116500237755588,False
service.BenchmarkHandlerGetFlightSeats,basic-auth,1024,0.975314768708551,0.9635280090376867,1.014801147099054,False
service.BenchmarkHandlerGetDestinations,basic-auth,1024,1.0002935944144482,0.9873608721931262,1.0141259243501546,False
database.BenchmarkValuesGenerics,basic-auth,1024,1.005466544397964,1.0004470527731852,1.0132774031635932,True
service.BenchmarkHandlerGetFlightsQuery,basic-auth,1024,0.9991913924304233,0.9881930338193279,1.0074925540982216,False
service.BenchmarkHandlerGetFlights,basic-auth,1024,1.0032819966958277,0.9595593906572892,1.0276469424797272,False
service.BenchmarkRequestFlightsQuery,basic-auth,1024,0.9979791282047994,0.9910067479239636,1.0102143150767111,False
database.BenchmarkGetGenerics,basic-auth,1024,0.9919508867667122,0.9552035573122529,1.0422476874223388,False
database.BenchmarkValues,basic-auth,1024,0.999308731932905,0.9944724592369367,1.0048743292467635,False
service.BenchmarkHandlerGetBookings,basic-auth,1024,1.0005277962795565,0.9920044647124119,1.0100874465808616,False
service.BenchmarkRequestBookings,basic-auth,1024,2.3938470505596987,2.2718691009932135,2.447834304472465,True
service.BenchmarkRequestFlights,basic-auth,1024,0.9984826363873995,0.9766450905259816,1.019232137416974,False
service.BenchmarkRequestSeats,basic-auth,1024,1.0109913546863694,0.9877001198693452,1.0341116559824686,False
database.BenchmarkRawGet,basic-auth,1024,1.0030518819938963,0.9878542510121459,1.0262615859938207,False
service.BenchmarkRequestCreateBooking,basic-auth,1024,16.985785107244034,16.47104176684187,17.585030194777577,True
database.BenchmarkPut,basic-auth,1024,1.0136380666916447,0.9749726377234585,1.0326758018370727,False
service.BenchmarkHandlerGetFlight,basic-auth,1024,0.9987026466009341,0.9432925666378295,1.0591653059001624,False
database.BenchmarkRawValues,basic-auth,1024,1.0009693071182542,0.9964724611929344,1.005482374321855,False
service.BenchmarkRequestDestinations,basic-auth,1024,1.0007411480278194,0.9882386627183117,1.0117301111273687,False
database.BenchmarkGet,basic-auth,1024,1.0091833851370444,0.9555193924599945,1.0503189227498229,False
database.BenchmarkGet,basic-auth,2048,0.9967890548652799,0.9646065764817465,1.0390816018247915,False
service.BenchmarkHandlerGetFlight,basic-auth,2048,0.9939569101418813,0.9419813728668691,1.0755494505494505,False
database.BenchmarkGetGenerics,basic-auth,2048,1.0013663068725236,0.9588915156291042,1.043721819920754,False
service.BenchmarkHandlerGetDestinations,basic-auth,2048,1.0040821000401763,0.9945301492777907,1.0155329468502756,False
database.BenchmarkRawValues,basic-auth,2048,1.000274264438014,0.9941804020135201,1.0053614395173873,False
service.BenchmarkHandlerCreateBooking,basic-auth,2048,1.0120108116339273,0.9790836794367981,1.0443687705341747,False
service.BenchmarkHandlerGetBookings,basic-auth,2048,1.0036828464800829,0.9942060565509013,1.0130665461705577,False
service.BenchmarkRequestCreateBooking,basic-auth,2048,31.58417066524,30.21207405245923,32.543720244082344,True
service.BenchmarkHandlerGetFlightSeats,basic-auth,2048,0.9918167512464596,0.9714215618140721,1.0228612329843703,False
service.BenchmarkRequestFlightsQuery,basic-auth,2048,0.9967018475884832,0.9866901339843206,1.007358951197832,False
database.BenchmarkValues,basic-auth,2048,0.9976782008627199,0.9906667094411581,1.0060365607278705,False
service.BenchmarkRequestFlight,basic-auth,2048,0.9920439920439921,0.9772309107635696,1.0064766839378239,False
service.BenchmarkRequestDestinations,basic-auth,2048,0.9963067507695184,0.984707120442891,1.0115007733868102,False
service.BenchmarkRequestFlights,basic-auth,2048,1.0027688060680937,0.9853675373712021,1.024422712846568,False
service.BenchmarkHandlerGetFlightsQuery,basic-auth,2048,0.9998284642187081,0.9900344120697347,1.009249411042357,False
service.BenchmarkRequestBookings,basic-auth,2048,3.6733182563966125,3.5628800400485074,3.850688239410604,True
database.BenchmarkValuesGenerics,basic-auth,2048,0.9996037011814627,0.9949506369200106,1.006263002022099,False
service.BenchmarkHandlerGetFlights,basic-auth,2048,0.997029823411344,0.9039539533657793,1.1309962398875764,False
service.BenchmarkRequestSeats,basic-auth,2048,1.0048850465513963,0.9781600443349434,1.0218717619658728,False
database.BenchmarkPut,basic-auth,2048,0.9891089108910891,0.9624922290529806,1.029755886176513,False
database.BenchmarkRawGet,basic-auth,2048,1.008611955420466,0.991919191919192,1.0262210796915168,False
service.BenchmarkRequestDestinations,clean-path,0,0.9991369369276877,0.9399994361177555,1.0540328662306575,False
service.BenchmarkRequestBookings,clean-path,0,0.9881635652862736,0.9322830055576599,1.0353335216850943,False
service.BenchmarkHandlerGetFlights,clean-path,0,0.999668217243224,0.9753742851235105,1.014697556697712,False
service.BenchmarkHandlerGetBookings,clean-path,0,1.0011628800416095,0.9838627784277799,1.0168872326723575,False
service.BenchmarkHandlerGetFlight,clean-path,0,1.0077180344738872,0.9492567913890313,1.079088471849866,False
service.BenchmarkRequestFlight,clean-path,0,1.0254422098376546,0.9675354366712392,1.0593841642228738,False
service.BenchmarkHandlerGetFlightSeats,clean-path,0,1.014673644212609,0.9830781783200013,1.0460754456995263,False
database.BenchmarkRawValues,clean-path,0,1.00061282441823,0.9809180089571753,1.0189639778261392,False
service.BenchmarkRequestFlights,clean-path,0,1.0097826847049909,0.8863700570116751,1.168559780356776,False
database.BenchmarkGet,clean-path,0,1.0228422924360554,0.9598523681801774,1.0644615453148583,False
service.BenchmarkHandlerCreateBooking,clean-path,0,1.007056583344223,0.9606893134394098,1.049101887777723,False
service.BenchmarkRequestSeats,clean-path,0,1.004796266610323,0.9742048583505349,1.0475269243650918,False
database.BenchmarkGetGenerics,clean-path,0,0.9980338183248132,0.9456990611519919,1.0511064777419017,False
service.BenchmarkHandlerGetFlightsQuery,clean-path,0,0.9991716176920796,0.9149439056177319,1.0640600988202633,False
database.BenchmarkPut,clean-path,0,0.9978326831382747,0.957657467874447,1.0314387599155812,False
database.BenchmarkValuesGenerics,clean-path,0,0.9942333106335924,0.935188304670895,1.0928759811970532,False
service.BenchmarkRequestFlightsQuery,clean-path,0,0.9935138342117392,0.9377571953880051,1.074545279217574,False
service.BenchmarkHandlerGetDestinations,clean-path,0,1.0016823171782718,0.9350707519985977,1.083531906451262,False
database.BenchmarkValues,clean-path,0,1.0032926448788866,0.9628237448156409,1.0328922989092355,False
service.BenchmarkRequestCreateBooking,clean-path,0,1.0026421163187607,0.9493871665465032,1.0558029338127806,False
database.BenchmarkRawGet,clean-path,0,0.9995054401582592,0.9708282980919822,1.0221237506925027,False
service.BenchmarkRequestBookings,clean-path,1,1.0073189062798245,0.9672088894392551,1.0245537122500277,False
service.BenchmarkRequestCreateBooking,clean-path,1,0.9894546852282032,0.9635157545605306,1.0340868921170907,False
database.BenchmarkGetGenerics,clean-path,1,1.0070412999322953,0.9622271598483858,1.0339581635425157,False
database.BenchmarkRawGet,clean-path,1,0.9944723618090452,0.9765351972041937,1.0116161616161616,False
service.BenchmarkHandlerCreateBooking,clean-path,1,0.983466867753794,0.964406956658737,1.0274621030643338,False
database.BenchmarkValuesGenerics,clean-path,1,1.001599571995374,0.994296748269903,1.0100597135390914,False
database.BenchmarkPut,clean-path,1,0.9972375690607735,0.961731763354394,1.0530973451327434,False
database.BenchmarkRawValues,clean-path,1,1.0006926835302121,0.9943144719840726,1.0082008873046022,False
service.BenchmarkHandlerGetFlightsQuery,clean-path,1,0.9964236327655778,0.9888439264739677,1.0083452807138187,False
database.BenchmarkGet,clean-path,1,0.9958199804932424,0.9623501986084538,1.0364525139664804,False
service.BenchmarkHandlerGetFlights,clean-path,1,1.0101471265267705,0.9021210362117369,1.0426457644705829,False
service.BenchmarkHandlerGetBookings,clean-path,1,1.003485129081318,0.989350848668562,1.012560597032562,False
service.BenchmarkHandlerGetFlight,clean-path,1,0.9947547862575399,0.9403623553095117,1.053015958885583,False
database.BenchmarkValues,clean-path,1,0.995216065109659,0.9895469533473968,1.0033033078149518,False
service.BenchmarkHandlerGetDestinations,clean-path,1,0.9996591576926321,0.9816220927205779,1.016777043957566,False
service.BenchmarkRequestFlightsQuery,clean-path,1,1.004727804374468,0.9897476640733962,1.0156315595967491,False
service.BenchmarkRequestDestinations,clean-path,1,0.99952969786104,0.9847521122485509,1.0131179045480605,False
service.BenchmarkHandlerGetFlightSeats,clean-path,1,1.0004179314179238,0.9835690595097405,1.025788651170563,False
service.BenchmarkRequestFlight,clean-path,1,1.0384845941733605,1.0228381110978948,1.0539951573849877,True
service.BenchmarkRequestFlights,clean-path,1,0.9938333138233271,0.9675547010731392,1.0160602182554235,False
service.BenchmarkRequestSeats,clean-path,1,0.9953218196674635,0.9821445815265624,1.0255851349048843,False
database.BenchmarkValues,clean-path,2,1.0022859271903337,0.991210719289509,1.008406646099206,False
service.BenchmarkHandlerCreateBooking,clean-path,2,1.0049897158528225,0.9644624367036073,1.0428590596308294,False
database.BenchmarkGet,clean-path,2,0.9847778387273726,0.9573690419915496,1.0393607346008367,False
service.BenchmarkHandlerGetFlightSeats,clean-path,2,1.0075736264277506,0.9751788761293834,1.027350290176632,False
service.BenchmarkRequestDestinations,clean-path,2,0.9981768031895802,0.9835845867877325,1.011449924041003,False
service.BenchmarkRequestFlight,clean-path,2,1.0513641755634637,1.0323033466783549,1.0687059385828652,True
database.BenchmarkRawValues,clean-path,2,0.9972556964255239,0.9938770975467242,1.0036683654183096,False
service.BenchmarkRequestSeats,clean-path,2,1.0005152012469745,0.9753019535651665,1.025634367747284,False
service.BenchmarkHandlerGetFlight,clean-path,2,0.9994802494802495,0.9433817903596021,1.0613824392847613,False
service.BenchmarkRequestBookings,clean-path,2,0.9909813361715051,0.9755123519953224,1.0200893254328367,False
database.BenchmarkValuesGenerics,clean-path,2,0.9966293132741614,0.9873376366726795,1.0042293526468133,False
database.BenchmarkPut,clean-path,2,1.0198319582166377,0.9669031210338292,1.0482679862961553,False
service.BenchmarkRequestFlightsQuery,clean-path,2,1.0006648690826956,0.9865890483429314,1.0095677586681266,False
database.BenchmarkRawGet,clean-path,2,1.0040180813661475,0.9800796812749004,1.0172676485525647,False
service.BenchmarkHandlerGetFlightsQuery,clean-path,2,1.0002758548750728,0.9919768569351537,1.0164623539025623,False
service.BenchmarkHandlerGetDestinations,clean-path,2,0.9990663159062463,0.9888112408765517,1.0100392895872135,False
service.BenchmarkRequestFlights,clean-path,2,1.0058382046168306,0.994923964303654,1.0172054929945045,False
database.BenchmarkGetGenerics,clean-path,2,0.9890564526891765,0.9595173219151423,1.0362082994304314,False
service.BenchmarkHandlerGetFlights,clean-path,2,1.0010177718625226,0.9765421034496466,1.0340635366131663,False
service.BenchmarkHandlerGetBookings,clean-path,2,1.002458370804018,0.9920866530450927,1.0109545034853227,False
service.BenchmarkRequestCreateBooking,clean-path,2,1.0029080334423845,0.9670697734336002,1.0325375980728375,False
service.BenchmarkHandlerGetFlightsQuery,clean-path,4,1.0004942318734955,0.9874326046411185,1.0094353278926664,False
service.BenchmarkRequestFlights,clean-path,4,1.0141906247651242,0.9039747931174877,1.0541306122906573,False
service.BenchmarkHandlerGetFlightSeats,clean-path,4,1.0077408961158412,0.9828719597846223,1.0360148392431334,False
database.BenchmarkGet,clean-path,4,1.0004221190375686,0.957833759935336,1.0417136414881623,False
database.BenchmarkPut,clean-path,4,1.0049008850852168,0.9713993124131373,1.0372287840988323,False
service.BenchmarkRequestBookings,clean-path,4,1.0090734327197108,0.9746250755076438,1.0502548402319516,False
service.BenchmarkRequestDestinations,clean-path,4,1.0004073768119643,0.9835061162941586,1.0136489364668464,False
service.BenchmarkHandlerGetFlight,clean-path,4,1.0032076984763432,0.9486389316897791,1.0623655913978494,False
service.BenchmarkHandlerGetFlights,clean-path,4,1.0072222913849234,0.988228706130093,1.0244293155244333,False
service.BenchmarkRequestSeats,clean-path,4,0.9982279405141722,0.978025002845898,1.0169895658232642,False
database.BenchmarkValues,clean-path,4,0.9997719408632744,0.9951566301096364,1.0067904039105526,False
service.BenchmarkHandlerGetBookings,clean-path,4,1.0074535445145985,0.9914974772897028,1.0150340108529015,False
service.BenchmarkRequestCreateBooking,clean-path,4,0.9954402675043064,0.9597877551020408,1.032678082885804,False
service.BenchmarkRequestFlight,clean-path,4,1.095376774663269,1.0809245503500455,1.1160132727049281,True
database.BenchmarkGetGenerics,clean-path,4,1.0050539543778172,0.95511028621667,1.0431930016402406,False
database.BenchmarkRawValues,clean-path,4,1.0004380450437838,0.9937838279350616,1.007508663518217,False
database.BenchmarkRawGet,clean-path,4,1.0055415617128463,0.9935000000000002,1.025063938618926,False
service.BenchmarkHandlerCreateBooking,clean-path,4,0.9959659004414674,0.967477539996624,1.0300795316682394,False
service.BenchmarkRequestFlightsQuery,clean-path,4,1.0003989790201016,0.989240531880825,1.011100010148486,False
database.BenchmarkValuesGenerics,clean-path,4,0.9995158818642227,0.9928221135147426,1.0051905277720805,False
service.BenchmarkHandlerGetDestinations,clean-path,4,1.0044008173362005,0.9865112878300915,1.0182279435985166,False
database.BenchmarkGetGenerics,clean-path,8,0.9930694388911102,0.9694437189866806,1.0419145484045431,False
service.BenchmarkHandlerCreateBooking,clean-path,8,1.0022996305511573,0.9744981314904884,1.0416179206382694,False
service.BenchmarkRequestFlights,clean-path,8,0.9972053795304308,0.9601849807780766,1.0403117098786203,False
database.BenchmarkGet,clean-path,8,0.9929353095996676,0.9575180916644331,1.037047431939377,False
service.BenchmarkRequestBookings,clean-path,8,0.9915978710261353,0.9574129525958714,1.0413622096851838,False
database.BenchmarkValuesGenerics,clean-path,8,1.0016780777203267,0.9903226030314067,1.0069026618297752,False
service.BenchmarkHandlerGetBookings,clean-path,8,0.9971515518953021,0.9834384742397447,1.0142692262541906,False
service.BenchmarkHandlerGetDestinations,clean-path,8,1.001427220797306,0.9884392800431216,1.0162791021916973,False
database.BenchmarkPut,clean-path,8,1.019781872884543,0.986763732627399,1.0699890231286862,False
service.BenchmarkRequestFlightsQuery,clean-path,8,0.9960743683872166,0.981538826726783,1.0102748282152063,False
service.BenchmarkHandlerGetFlightSeats,clean-path,8,0.9924952990268424,0.9748811880539094,1.0241612828784614,False
service.BenchmarkRequestCreateBooking,clean-path,8,1.011655525771097,0.9787982932377015,1.0329529972752043,False
service.BenchmarkHandlerGetFlight,clean-path,8,1.0184196476241325,0.9406973784678034,1.0541700187717886,False
service.BenchmarkHandlerGetFlightsQuery,clean-path,8,1.0058327261866262,0.9936408807474472,1.0152988383639625,False
service.BenchmarkRequestDestinations,clean-path,8,0.9986313783514892,0.9819081113568943,1.0136609923274271,False
service.BenchmarkHandlerGetFlights,clean-path,8,1.003009272384002,0.984786950928169,1.0991419897771355,False
service.BenchmarkRequestSeats,clean-path,8,0.9999502909386946,0.978634608887338,1.0146592500806124,False
database.BenchmarkValues,clean-path,8,1.0039200244895239,0.9924022918353881,1.010329998853384,False
database.BenchmarkRawValues,clean-path,8,1.0033551800521057,0.9977453221993947,1.0100835379693711,False
database.BenchmarkRawGet,clean-path,8,0.9914486921529175,0.9705735660847882,1.0255115711603142,False
service.BenchmarkRequestFlight,clean-path,8,1.1610423922180857,1.1433174224343676,1.1798361840520357,True
service.BenchmarkRequestBookings,clean-path,16,1.007814641963976,0.9775817136313465,1.053460260401882,False
service.BenchmarkHandlerGetFlightsQuery,clean-path,16,1.0051480689508538,0.9964606278510941,1.0155800355109668,False
database.BenchmarkGet,clean-path,16,1.0009817671809256,0.9583390061266167,1.048053762562317,False
database.BenchmarkPut,clean-path,16,1.0088845751829176,0.95382642154767,1.049967154924702,False
service.BenchmarkRequestFlightsQuery,clean-path,16,0.9977924159339644,0.988752842070662,1.0052790399708742,False
service.BenchmarkHandlerGetFlights,clean-path,16,1.006185780226185,0.9906823624992596,1.017577152973065,False
database.BenchmarkGetGenerics,clean-path,16,1.0101134344676779,0.956069972379324,1.0454545454545454,False
service.BenchmarkHandlerGetFlight,clean-path,16,1.0077107152353098,0.9453925508884828,1.0721062618595825,False
service.BenchmarkRequestCreateBooking,clean-path,16,1.0083968435961421,0.9721834728311413,1.032585290357311,False
service.BenchmarkHandlerGetDestinations,clean-path,16,0.9987276126986173,0.9891096301335892,1.0121262441769951,False
database.BenchmarkValues,clean-path,16,1.0014951545658533,0.994924070541477,1.0081217781729088,False
service.BenchmarkHandlerCreateBooking,clean-path,16,0.9950600264231145,0.9666447182767377,1.0154872389791183,False
service.BenchmarkRequestDestinations,clean-path,16,1.0025992770485583,0.9904256518028011,1.016503816450496,False
service.BenchmarkRequestFlights,clean-path,16,1.005007024110775,0.8905746528765143,1.0428129982538772,False
service.BenchmarkRequestFlight,clean-path,16,1.298181818181818,1.2743669374104156,1.3158151444945738,True
service.BenchmarkHandlerGetFlightSeats,clean-path,16,1.0171567994011776,0.9910404627021403,1.0357423683880354,False
service.BenchmarkHandlerGetBookings,clean-path,16,0.9991704902269206,0.9855548733714081,1.0130176370385249,False
database.BenchmarkValuesGenerics,clean-path,16,1.0005772679680647,0.9929565089483051,1.0059223815953435,False
database.BenchmarkRawGet,clean-path,16,1.005091649694501,0.9794176706827309,1.029275808936826,False
database.BenchmarkRawValues,clean-path,16,1.0000318847933103,0.9947266559875291,1.007284029903445,False
service.BenchmarkRequestSeats,clean-path,16,1.0021119384131507,0.9660333506785792,1.0155670233802232,False
service.BenchmarkRequestFlight,clean-path,32,1.5492856285268342,1.5213735938425104,1.5638606676342526,True
service.BenchmarkHandlerGetFlights,clean-path,32,1.0026806502956902,0.9142240714010695,1.0909502739762922,False
service.BenchmarkHandlerGetDestinations,clean-path,32,0.9981470025789431,0.9886416945946906,1.007572511206424,False
database.BenchmarkPut,clean-path,32,0.9883040935672515,0.9526718024543819,1.029933892891629,False
service.BenchmarkRequestFlightsQuery,clean-path,32,1.0030420738821868,0.994244994803595,1.0115333465812684,False
database.BenchmarkRawValues,clean-path,32,0.9990507804847091,0.993009404726589,1.0060876789221413,False
service.BenchmarkHandlerGetFlightSeats,clean-path,32,1.0013655720639727,0.9826329431799599,1.0303056184390207,False
service.BenchmarkRequestBookings,clean-path,32,1.0027985116130076,0.9712466558922129,1.0273036869909085,False
service.BenchmarkRequestDestinations,clean-path,32,0.9955896304738472,0.9887287616427284,1.0022263024517233,False
database.BenchmarkValues,clean-path,32,1.0005645477849252,0.9956008164192051,1.011484810510011,False
service.BenchmarkHandlerCreateBooking,clean-path,32,1.0061174782395257,0.9633041016307246,1.040333664197908,False
database.BenchmarkRawGet,clean-path,32,1.0075719333669864,0.9834831931378891,1.025063938618926,False
service.BenchmarkHandlerGetBookings,clean-path,32,1.0006043751440747,0.9814458923844207,1.01056862772331,False
database.BenchmarkValuesGenerics,clean-path,32,1.0005786618936692,0.9956259655132642,1.009907501276634,False
service.BenchmarkRequestCreateBooking,clean-path,32,0.9893096875776912,0.9597579405357969,1.033791398247355,False
service.BenchmarkHandlerGetFlight,clean-path,32,0.9878143634949443,0.9420070600100857,1.0548715203426124,False
service.BenchmarkHandlerGetFlightsQuery,clean-path,32,0.9966227714606726,0.9882761871017934,1.009331494297157,False
database.BenchmarkGetGenerics,clean-path,32,1.000135814206166,0.958988469601677,1.0432351336606656,False
service.BenchmarkRequestSeats,clean-path,32,1.010965276312396,0.9930821819215102,1.0278368427857796,False
service.BenchmarkRequestFlights,clean-path,32,1.0128013385051564,0.9708831570147598,1.0344095767813408,False
database.BenchmarkGet,clean-path,32,1.0085662126105883,0.9631180761956228,1.0443097086248427,False
service.BenchmarkHandlerGetFlightsQuery,clean-path,64,1.0001372832120965,0.9885096973825143,1.0100182808362277,False
service.BenchmarkRequestFlights,clean-path,64,1.005353622032631,0.9587626230346414,1.0381175799678573,False
service.BenchmarkRequestSeats,clean-path,64,1.015735036368626,0.9980297473034079,1.0370878371458407,False
service.BenchmarkRequestBookings,clean-path,64,0.9936522563790573,0.9586681791079505,1.0324463044010692,False
service.BenchmarkRequestFlight,clean-path,64,2.079649207111965,2.030514175876982,2.119393939393939,True
database.BenchmarkValuesGenerics,clean-path,64,0.997293843442475,0.980899644895662,1.0067861668622755,False
service.BenchmarkHandlerGetDestinations,clean-path,64,0.998776045088945,0.9859132113981175,1.0160317374104768,False
database.BenchmarkRawGet,clean-path,64,1.0030287733467946,0.9764642237363083,1.0237374587639243,False
service.BenchmarkRequestFlightsQuery,clean-path,64,0.997938570695726,0.9897855973759628,1.0094486017334436,False
service.BenchmarkHandlerGetBookings,clean-path,64,1.003341863841123,0.9896356579515669,1.0167281370502308,False
database.BenchmarkPut,clean-path,64,1.0047006977598238,0.9628691372321946,1.0326250753465944,False
service.BenchmarkRequestDestinations,clean-path,64,0.9999078829040159,0.9861911049415849,1.0144951000051634,False
service.BenchmarkHandlerCreateBooking,clean-path,64,0.996820198404387,0.9716685729285808,1.0347914100639395,False
service.BenchmarkHandlerGetFlight,clean-path,64,1.0237523352014946,0.9488037046565474,1.0700654307524535,False
service.BenchmarkRequestCreateBooking,clean-path,64,0.9946868243299867,0.9748313483801117,1.033340708341134,False
database.BenchmarkGet,clean-path,64,0.9922168172341904,0.9550196450345481,1.0452867688813174,False
database.BenchmarkGetGenerics,clean-path,64,0.997020585048754,0.9523312002089591,1.0423892100192678,False
database.BenchmarkValues,clean-path,64,1.0037430861112913,0.9911379749530866,1.0111821290966194,False
database.BenchmarkRawValues,clean-path,64,1.0043797404371964,0.9972057074910822,1.009046438757156,False
service.BenchmarkHandlerGetFlights,clean-path,64,0.9949579011674579,0.9799538908560786,1.013923876009221,False
service.BenchmarkHandlerGetFlightSeats,clean-path,64,0.9976912702155035,0.9731470725502269,1.0248001440506234,False
service.BenchmarkHandlerCreateBooking,clean-path,128,0.9942430663641307,0.9629914695977202,1.0404769740025939,False
service.BenchmarkRequestSeats,clean-path,128,1.0195779088479906,0.9972732581562014,1.041139858352425,False
service.BenchmarkRequestDestinations,clean-path,128,0.997514562619722,0.9875011410127714,1.0132206046215277,False
database.BenchmarkRawGet,clean-path,128,0.996977329974811,0.9845000000000002,1.0091534597508636,False
database.BenchmarkGetGenerics,clean-path,128,1.003006696733634,0.9659034002874205,1.0468771354380209,False
database.BenchmarkValues,clean-path,128,0.9989749156966425,0.9912348077219422,1.004557572351139,False
service.BenchmarkHandlerGetFlights,clean-path,128,0.9941799400082243,0.9804559134255282,1.0125588966461607,False
database.BenchmarkValuesGenerics,clean-path,128,1.0004280477520915,0.9907984716105388,1.0085054061672891,False
service.BenchmarkRequestFlightsQuery,clean-path,128,1.005894969875994,0.9856686895756339,1.0156060788798837,False
database.BenchmarkPut,clean-path,128,0.9873520111772925,0.9603180339718106,1.0252866152993088,False
service.BenchmarkHandlerGetFlightsQuery,clean-path,128,1.0033460893027766,0.9887786686586577,1.0134610566878972,False
service.BenchmarkHandlerGetDestinations,clean-path,128,1.0021370158936214,0.9812367373789348,1.0132946996844912,False
service.BenchmarkRequestCreateBooking,clean-path,128,1.0124380642095976,0.9701639829602461,1.0379076483730731,False
service.BenchmarkRequestFlight,clean-path,128,3.154041626331074,3.116982944991593,3.227261673151751,True
service.BenchmarkHandlerGetFlight,clean-path,128,0.9981598317560463,0.9528836251287331,1.0601421541826135,False
service.BenchmarkHandlerGetFlightSeats,clean-path,128,0.9988223938590022,0.980177226666717,1.0168215741910869,False
service.BenchmarkRequestFlights,clean-path,128,1.0052231030826855,0.9828549623717363,1.024161718234877,False
database.BenchmarkGet,clean-path,128,0.997896508203618,0.9651937457511897,1.0405805269832322,False
service.BenchmarkHandlerGetBookings,clean-path,128,0.9970159342882937,0.9900057355045468,1.0086842981972575,False
database.BenchmarkRawValues,clean-path,128,0.9965076006582042,0.991781470200607,1.0037199127763734,False
service.BenchmarkRequestBookings,clean-path,128,0.9902614112698095,0.966210316792905,1.0187700811511313,False
database.BenchmarkRawGet,clean-path,256,0.9979929754139489,0.9771248329773008,1.0189064895247828,False
service.BenchmarkRequestFlightsQuery,clean-path,256,1.004719001192586,0.9884258500146497,1.0243809478973802,False
service.BenchmarkRequestCreateBooking,clean-path,256,1.0046606417987738,0.9736833518240554,1.0309145483219997,False
service.BenchmarkHandlerGetBookings,clean-path,256,1.0051463211879363,0.9817573397396695,1.0173839622020084,False
service.BenchmarkHandlerGetFlightSeats,clean-path,256,0.9872238261547369,0.9643268882061137,1.0026484221949947,False
service.BenchmarkRequestSeats,clean-path,256,1.0308381468380126,1.0155404723525878,1.0609814337738641,True
service.BenchmarkHandlerCreateBooking,clean-path,256,0.9923170846247769,0.9629377496007477,1.0266989358841383,False
service.BenchmarkRequestFlights,clean-path,256,0.984166992623675,0.9480645681417045,1.0182652770223053,False
service.BenchmarkHandlerGetDestinations,clean-path,256,0.9979111675708082,0.986405759933631,1.011235968292838,False
service.BenchmarkHandlerGetFlights,clean-path,256,1.0039649591624535,0.91486037899796,1.0949520432999544,False
database.BenchmarkPut,clean-path,256,1.026319781553398,0.9814611269876162,1.050729086722947,False
database.BenchmarkGet,clean-path,256,0.9976280173015208,0.9588410506363391,1.0488795518207281,False
service.BenchmarkRequestBookings,clean-path,256,1.001545503444413,0.948977393819998,1.0453195148559293,False
service.BenchmarkHandlerGetFlight,clean-path,256,1.0333422245932247,0.951868919610855,1.0709450311399946,False
service.BenchmarkRequestDestinations,clean-path,256,1.0033726081645937,0.9889762237077304,1.0200549579228402,False
database.BenchmarkRawValues,clean-path,256,1.0018528427449584,0.9907468523791554,1.0077669986127906,False
service.BenchmarkHandlerGetFlightsQuery,clean-path,256,0.9990936358664486,0.9834929976758758,1.0115254662811808,False
database.BenchmarkValuesGenerics,clean-path,256,0.9993073903528542,0.9938684861142336,1.0072338263158183,False
database.BenchmarkValues,clean-path,256,1.0014511944673363,0.9952197286454942,1.0125923823322491,False
database.BenchmarkGetGenerics,clean-path,256,1.021138211382114,0.973496835443038,1.0434070434070435,False
service.BenchmarkRequestFlight,clean-path,256,5.214533285526473,5.142469630852696,5.281752701080432,True
service.BenchmarkHandlerGetDestinations,clean-path,512,0.9978309882354758,0.9841314017750501,1.0116857931353553,False
service.BenchmarkRequestFlights,clean-path,512,1.014643678305959,0.9818802453836214,1.0377891153960743,False
database.BenchmarkValues,clean-path,512,0.9992225987594998,0.988800164892082,1.007469653487425,False
service.BenchmarkRequestSeats,clean-path,512,1.0634827523943444,1.0495328614949357,1.0822194550054975,True
database.BenchmarkGet,clean-path,512,1.0044413601665512,0.9639688088195751,1.0380210502183131,False
service.BenchmarkHandlerGetFlight,clean-path,512,0.9921752738654147,0.9306122448979592,1.0634476241900643,False
database.BenchmarkGetGenerics,clean-path,512,1.0002706726214643,0.963340534171249,1.0461307492834722,False
service.BenchmarkRequestCreateBooking,clean-path,512,1.0149400892394593,0.9800871495519198,1.0354556427278212,False
service.BenchmarkHandlerGetBookings,clean-path,512,1.0068730197416524,0.9943333156938491,1.0178246657491152,False
service.BenchmarkHandlerGetFlights,clean-path,512,1.012944326046321,0.9863383981059229,1.1073866148490241,False
database.BenchmarkPut,clean-path,512,1.0032065622669648,0.9610997564438167,1.0430009841774548,False
database.BenchmarkRawValues,clean-path,512,0.9975570323157962,0.9941815164208863,1.0050385237994692,False
service.BenchmarkHandlerGetFlightsQuery,clean-path,512,0.995229543619651,0.9760214590549251,1.0189698659157165,False
database.BenchmarkRawGet,clean-path,512,1.0030150753768845,0.9836390679226574,1.0182648401826484,False
service.BenchmarkHandlerGetFlightSeats,clean-path,512,1.015123296891958,0.9820404578522084,1.0342890497355752,False
service.BenchmarkRequestFlightsQuery,clean-path,512,1.0060885186309043,0.9876107756913799,1.020967778466339,False
service.BenchmarkHandlerCreateBooking,clean-path,512,1.0118857447132208,0.972617010194211,1.0295171145631812,False
service.BenchmarkRequestFlight,clean-path,512,9.499343910294645,9.396945661181483,9.636638087187537,True
database.BenchmarkValuesGenerics,clean-path,512,0.9993589173308957,0.9897917324183625,1.0096736654823708,False
service.BenchmarkRequestBookings,clean-path,512,0.9941213999270871,0.9728710011599809,1.0358939065064323,False
service.BenchmarkRequestDestinations,clean-path,512,0.993657779524368,0.9784698761315167,1.0188562321513588,False
service.BenchmarkHandlerGetFlightsQuery,clean-path,1024,0.9986366999385647,0.9878958261993714,1.0089466921872359,False
service.BenchmarkRequestDestinations,clean-path,1024,1.0010392829563493,0.9909418331696508,1.01868294894707,False
database.BenchmarkValues,clean-path,1024,0.9980549341255107,0.9897288943355993,1.0071881362016606,False
database.BenchmarkGet,clean-path,1024,1.0038108680310516,0.9560335497835498,1.048274334924325,False
database.BenchmarkRawValues,clean-path,1024,0.9994474417106538,0.991646750098148,1.006441869367018,False
service.BenchmarkRequestFlightsQuery,clean-path,1024,1.0076922032211169,0.9976067976407804,1.0170716934169948,False
service.BenchmarkHandlerGetFlightSeats,clean-path,1024,1.0044872289124516,0.9830319648748355,1.0257923588422304,False
service.BenchmarkRequestFlights,clean-path,1024,1.0220880179304237,1.0038718783093215,1.039371784557358,True
service.BenchmarkHandlerGetFlights,clean-path,1024,1.0053257348326803,0.9889182435445466,1.0179150980137608,False
service.BenchmarkHandlerGetFlight,clean-path,1024,0.9936725547060374,0.9567133229652669,1.0545062061521855,False
database.BenchmarkRawGet,clean-path,1024,0.9929506545820744,0.9779534632610238,1.018301982714794,False
database.BenchmarkGetGenerics,clean-path,1024,0.9917433676231727,0.9581042157632887,1.0353562720130045,False
service.BenchmarkRequestSeats,clean-path,1024,1.1090248248280488,1.0821411884280814,1.1229325260350063,True
service.BenchmarkHandlerGetBookings,clean-path,1024,1.002238169780104,0.9922216619202298,1.0132361886282453,False
database.BenchmarkPut,clean-path,1024,0.9922888440472758,0.968918918918919,1.0266773863470253,False
service.BenchmarkRequestBookings,clean-path,1024,1.0030570254557023,0.9788640209918532,1.0324211273458566,False
service.BenchmarkRequestFlight,clean-path,1024,17.169597687304265,16.98652676761655,17.445368897589624,True
database.BenchmarkValuesGenerics,clean-path,1024,0.9979977328048227,0.9911471876341194,1.0036764567272147,False
service.BenchmarkHandlerGetDestinations,clean-path,1024,1.0005065992815478,0.9906382339678858,1.0148154207336209,False
service.BenchmarkRequestCreateBooking,clean-path,1024,1.0002690975142117,0.9725205095711331,1.0279149233173352,False
service.BenchmarkHandlerCreateBooking,clean-path,1024,1.004682612523179,0.9625540254658724,1.0394749021347165,False
database.BenchmarkValuesGenerics,clean-path,2048,1.0017171633612214,0.9921071171856697,1.0099140493857948,False
service.BenchmarkHandlerCreateBooking,clean-path,2048,0.9938202036139598,0.957205674397312,1.0207457087643514,False
service.BenchmarkRequestDestinations,clean-path,2048,0.9989659387964781,0.9871642751010712,1.0057082205618213,False
service.BenchmarkRequestFlightsQuery,clean-path,2048,1.009697081753025,0.9983213108257518,1.0192632107118915,False
service.BenchmarkHandlerGetFlight,clean-path,2048,0.9978785468045611,0.9416411824668706,1.0660377358490567,False
service.BenchmarkHandlerGetDestinations,clean-path,2048,1.000224405107549,0.9906342812041171,1.0124213102607087,False
service.BenchmarkHandlerGetFlightSeats,clean-path,2048,1.0047688048379233,0.9720097210970953,1.0314166240070863,False
service.BenchmarkRequestCreateBooking,clean-path,2048,0.9992500624947922,0.9700162473536507,1.0314352798094628,False
database.BenchmarkValues,clean-path,2048,1.0017001586826393,0.991826608285875,1.009317527300638,False
service.BenchmarkHandlerGetFlightsQuery,clean-path,2048,0.9990223953746398,0.9898355592799585,1.011276177256593,False
database.BenchmarkRawValues,clean-path,2048,0.9967054965534212,0.9900263652730111,1.004373826483159,False
service.BenchmarkRequestFlight,clean-path,2048,26.334018623775545,26.018283938814534,26.537833556719875,True
database.BenchmarkGetGenerics,clean-path,2048,0.993008873353052,0.9566640481801518,1.0301016949152544,False
service.BenchmarkRequestBookings,clean-path,2048,0.9924355345232972,0.9698368400025171,1.0249542595737617,False
service.BenchmarkRequestSeats,clean-path,2048,1.1260585432396,1.1065179370962062,1.1384162428196858,True
service.BenchmarkHandlerGetFlights,clean-path,2048,0.993681458962454,0.8841030704119043,1.1030624418499955,False
database.BenchmarkPut,clean-path,2048,0.9978545535251906,0.9436148273140035,1.0384388113880314,False
database.BenchmarkRawGet,clean-path,2048,1.0005027652086476,0.9840319361277444,1.026342451874367,False
service.BenchmarkRequestFlights,clean-path,2048,1.0665617053309955,1.041566465830804,1.076067752803803,True
service.BenchmarkHandlerGetBookings,clean-path,2048,0.9970710793955706,0.9891914136448334,1.00685009376133,False
database.BenchmarkGet,clean-path,2048,0.993752603082049,0.9540167703543413,1.0370422141459323,False
database.BenchmarkGetGenerics,request-id,0,0.9959437533802056,0.954871527324899,1.0443081117927744,False
database.BenchmarkGet,request-id,0,1.0073002948195984,0.9612520099686562,1.0455699774266365,False
service.BenchmarkHandlerGetBookings,request-id,0,1.001607340778324,0.9877983930301508,1.013035776177456,False
database.BenchmarkRawGet,request-id,0,0.9959798994974873,0.980654761904762,1.0167342799188641,False
database.BenchmarkValues,request-id,0,1.0037673083902772,0.9955502446776697,1.0091197050745506,False
database.BenchmarkPut,request-id,0,0.9970079544625264,0.9641832432195899,1.0436730123180291,False
database.BenchmarkValuesGenerics,request-id,0,1.0018647801685172,0.9946471726866866,1.007725008632154,False
service.BenchmarkHandlerGetFlight,request-id,0,1.0142857142857145,0.9537719075438151,1.064032697547684,False
service.BenchmarkRequestCreateBooking,request-id,0,1.0102373046084068,0.9636174636174637,1.0458453667794374,False
service.BenchmarkHandlerGetFlightsQuery,request-id,0,1.0047201756865853,0.993105317577128,1.0110942648387724,False
service.BenchmarkRequestFlightsQuery,request-id,0,1.0011509306556166,0.9941916898852451,1.012170849836343,False
service.BenchmarkRequestFlights,request-id,0,1.0023818656894907,0.9881958505522356,1.0134271987684702,False
service.BenchmarkHandlerCreateBooking,request-id,0,1.017366957377173,0.9722258418808988,1.0426439640329062,False
service.BenchmarkHandlerGetDestinations,request-id,0,1.0021480855106766,0.9935677812466712,1.0088616066970317,False
database.BenchmarkRawValues,request-id,0,0.9982195250050183,0.9921797280488456,1.0063895952246518,False
service.BenchmarkHandlerGetFlights,request-id,0,0.9905545373671432,0.8826304222132245,1.0912747695103822,False
service.BenchmarkRequestFlight,request-id,0,1.015567086730912,1.0062377521978652,1.028355989804588,True
service.BenchmarkHandlerGetFlightSeats,request-id,0,0.9987867105113958,0.9798377379709214,1.0207999378144235,False
service.BenchmarkRequestBookings,request-id,0,1.0165210011464647,0.9671438693125654,1.054001459136727,False
service.BenchmarkRequestDestinations,request-id,0,1.0019496733678401,0.993524303712957,1.0140578476827031,False
service.BenchmarkRequestSeats,request-id,0,1.006286340271341,0.9806070926443438,1.018591033851784,False
service.BenchmarkHandlerGetFlight,request-id,1,0.9925025853154085,0.9424070247933883,1.0796047213834752,False
database.BenchmarkGet,request-id,1,1.0071030640668523,0.9730428863172227,1.0426640382990708,False
database.BenchmarkGetGenerics,request-id,1,1.014202624103882,0.9616484659386375,1.0382331788364727,False
database.BenchmarkValuesGenerics,request-id,1,1.0037001819331801,0.9878521095192841,1.0132325422005715,False
service.BenchmarkHandlerGetFlightsQuery,request-id,1,1.0034727410254167,0.9904463630107889,1.0166407229650964,False
database.BenchmarkRawGet,request-id,1,1.001514386673397,0.9854344550477147,1.0286445012787724,False
service.BenchmarkRequestFlightsQuery,request-id,1,1.001180356312631,0.9870160744492765,1.0144044920841913,False
service.BenchmarkHandlerGetFlightSeats,request-id,1,0.9955329779704084,0.9727466694177285,1.0274645815264318,False
service.BenchmarkRequestDestinations,request-id,1,0.9977876953898309,0.9876408087898936,1.016081884074605,False
service.BenchmarkRequestFlight,request-id,1,1.5588550600343054,1.5337723024638914,1.5936590100291166,True
database.BenchmarkPut,request-id,1,0.99956650531031,0.9641872184199523,1.04559043348281,False
service.BenchmarkHandlerGetBookings,request-id,1,1.0036064606314585,0.9924292555829428,1.0123915532985184,False
database.BenchmarkValues,request-id,1,1.0062712462693852,0.9958568618145555,1.0141198323751222,False
service.BenchmarkRequestFlights,request-id,1,1.0021223366283145,0.9658933813264655,1.0204631400595066,False
service.BenchmarkHandlerCreateBooking,request-id,1,1.0037336770085097,0.9738056230344802,1.025586101363826,False
database.BenchmarkRawValues,request-id,1,1.0013922656525986,0.9956300163511259,1.0064819419709214,False
service.BenchmarkRequestBookings,request-id,1,1.0155134879459735,0.9947387583225626,1.050605434051042,False
service.BenchmarkRequestSeats,request-id,1,1.0191049331683686,0.9941989614989051,1.0500536792940813,False
service.BenchmarkHandlerGetDestinations,request-id,1,1.0019645815779072,0.9860983817755847,1.0175705510833233,False
service.BenchmarkHandlerGetFlights,request-id,1,1.0000340549868847,0.9846234791518241,1.0142742954387232,False
service.BenchmarkRequestCreateBooking,request-id,1,1.0873915727234331,1.0556750682292504,1.120328947368421,True
service.BenchmarkHandlerGetFlightSeats,request-id,2,1.001373076370999,0.9801521392805499,1.0234995100499282,False
database.BenchmarkValuesGenerics,request-id,2,1.0009525554567102,0.989797191289247,1.0121973345122794,False
database.BenchmarkRawValues,request-id,2,1.0012219193533227,0.9946738087513546,1.010729374316071,False
database.BenchmarkPut,request-id,2,0.9866716031099593,0.9583546057909708,1.045924138451097,False
service.BenchmarkRequestFlight,request-id,2,2.033569091101024,1.9762419006479484,2.0736308413681983,True
database.BenchmarkRawGet,request-id,2,1.0020273694880892,0.9761075161772025,1.021090534979424,False
service.BenchmarkHandlerGetFlightsQuery,request-id,2,1.0049262328803346,0.9810268794038404,1.0163593993151094,False
service.BenchmarkRequestFlightsQuery,request-id,2,1.0034609563543957,0.9883923433974513,1.0109360415575854,False
service.BenchmarkHandlerCreateBooking,request-id,2,1.0067235778499661,0.9689501649276114,1.04912876205318,False
service.BenchmarkHandlerGetBookings,request-id,2,0.9928530551056226,0.978372637919052,1.0054920584282094,False
service.BenchmarkHandlerGetFlight,request-id,2,0.9947368421052631,0.9412214654824791,1.063680518078791,False
service.BenchmarkRequestFlights,request-id,2,1.0162470183605856,0.9944832979125234,1.0325091307966536,False
database.BenchmarkGet,request-id,2,1.0055532417048452,0.9657905955143499,1.0405940594059406,False
service.BenchmarkHandlerGetDestinations,request-id,2,1.0018711701387253,0.9875522161228438,1.0160057800260929,False
service.BenchmarkRequestSeats,request-id,2,1.0163704851074642,0.9937709239951882,1.0437839666123965,False
service.BenchmarkRequestDestinations,request-id,2,1.0084169574357567,0.9868608634634694,1.0178029833304258,False
service.BenchmarkRequestCreateBooking,request-id,2,1.1497345019512506,1.1227265693540887,1.1908069159577757,True
database.BenchmarkValues,request-id,2,0.9978127219087537,0.9902310417009034,1.0074046431134522,False
service.BenchmarkRequestBookings,request-id,2,1.0244773195328776,0.9969064537884482,1.0582855511050657,False
service.BenchmarkHandlerGetFlights,request-id,2,0.9882763033813822,0.9176228665432861,1.010637246044274,False
database.BenchmarkGetGenerics,request-id,2,0.9896083133493205,0.9688116857481248,1.0340740740740741,False
service.BenchmarkRequestBookings,request-id,4,1.0395662201959142,0.9989336118841899,1.0770943491811578,False
service.BenchmarkHandlerGetBookings,request-id,4,0.9992426358661961,0.9835685031106447,1.012277837847606,False
service.BenchmarkRequestFlightsQuery,request-id,4,0.9998786654361459,0.9908904409840616,1.016071133603363,False
database.BenchmarkRawGet,request-id,4,1.0025458248472505,0.9893238434163701,1.0132924335378322,False
service.BenchmarkHandlerCreateBooking,request-id,4,0.9940713346169242,0.9708909920440406,1.0215858256334123,False
service.BenchmarkRequestSeats,request-id,4,1.022796417502409,1.0071263297459256,1.0417925945210245,True
service.BenchmarkHandlerGetFlightsQuery,request-id,4,0.9972894605713541,0.987688236161133,1.0171732408196565,False
database.BenchmarkRawValues,request-id,4,0.9985871339061518,0.9916003304606832,1.0054355590137491,False
service.BenchmarkHandlerGetFlight,request-id,4,0.9965166130760986,0.948156321618219,1.0557823129251702,False
database.BenchmarkValues,request-id,4,1.0028250287821896,0.9938535915690876,1.0104996508879223,False
service.BenchmarkRequestDestinations,request-id,4,1.0036900655043428,0.9880799448605082,1.0182838667762502,False
service.BenchmarkRequestFlights,request-id,4,0.9727511651540105,0.8946921088685265,1.0247797673951664,False
service.BenchmarkHandlerGetFlights,request-id,4,1.0067323620427098,0.9884500367653646,1.0227040256187108,False
database.BenchmarkValuesGenerics,request-id,4,1.001330785833946,0.9945826318176028,1.0067019281124092,False
database.BenchmarkGetGenerics,request-id,4,1.0015168229453943,0.9686579158853469,1.0381901203819013,False
database.BenchmarkPut,request-id,4,1.0096801028510927,0.9738341580446844,1.0430728925874557,False
service.BenchmarkRequestCreateBooking,request-id,4,1.3179469343138228,1.2827688496267562,1.3762050317422996,True
database.BenchmarkGet,request-id,4,0.9978729438457175,0.963972602739726,1.0473825770791587,False
service.BenchmarkHandlerGetDestinations,request-id,4,0.9929640603804273,0.978159781270649,1.0148963545579952,False
service.BenchmarkHandlerGetFlightSeats,request-id,4,0.9889165563014003,0.9728521091782232,1.0070770630377923,False
service.BenchmarkRequestFlight,request-id,4,3.011081226465842,2.96294324353104,3.0767385975506176,True
service.BenchmarkRequestFlightsQuery,request-id,8,1.0088784634153074,0.9913874609403427,1.0265458149524398,False
database.BenchmarkRawValues,request-id,8,0.9990510651620393,0.9942572261385466,1.0058965781809956,False
database.BenchmarkValuesGenerics,request-id,8,0.9986375516553178,0.990711419572816,1.0110733555617204,False
service.BenchmarkRequestDestinations,request-id,8,1.0005633902443498,0.9898813221811589,1.0251186426592098,False
database.BenchmarkGetGenerics,request-id,8,1.0049838362068966,0.9696969696969698,1.0361690598753726,False
database.BenchmarkPut,request-id,8,1.021923305588585,0.9658693323812924,1.062128418549346,False
service.BenchmarkRequestFlights,request-id,8,1.031347284716021,0.977438428256438,1.0532037160478325,False
service.BenchmarkHandlerGetDestinations,request-id,8,1.006010438355477,0.9853016446922288,1.0207566264645136,False
service.BenchmarkHandlerCreateBooking,request-id,8,1.005770769054965,0.972462952541737,1.0289195650497418,False
service.BenchmarkHandlerGetFlightSeats,request-id,8,1.0104608754729423,0.9833454099445095,1.0275941037963778,False
service.BenchmarkRequestSeats,request-id,8,1.0377418786502028,1.0189312826547745,1.0682035861460686,True
service.BenchmarkHandlerGetBookings,request-id,8,0.9987276938151369,0.9857701273511321,1.0103701517760444,False
service.BenchmarkRequestFlight,request-id,8,4.997775659358119,4.916047314979587,5.065833066153682,True
service.BenchmarkHandlerGetFlightsQuery,request-id,8,0.9965707282492989,0.9801691621434369,1.0130790549658715,False
database.BenchmarkRawGet,request-id,8,0.9934607645875253,0.9747774480712166,1.021090534979424,False
database.BenchmarkGet,request-id,8,1.0012484394506866,0.9660464484585088,1.0349326599326598,False
service.BenchmarkRequestBookings,request-id,8,1.0498769538525616,1.0184567888720595,1.1033980357881255,True
service.BenchmarkHandlerGetFlight,request-id,8,1.0093557872226677,0.9305310848225522,1.0497713209577617,False
service.BenchmarkRequestCreateBooking,request-id,8,1.6009803120660078,1.5549511721856413,1.642564461323206,True
database.BenchmarkValues,request-id,8,0.9972770084377947,0.9886900560402458,1.007446945351071,False
service.BenchmarkHandlerGetFlights,request-id,8,1.005178904533467,0.9896357184149341,1.0187165127636708,False
database.BenchmarkGetGenerics,request-id,16,0.9938088829071332,0.9637075718015666,1.0388059701492536,False
service.BenchmarkHandlerGetFlight,request-id,16,0.9937807722207825,0.944472745797249,1.0622234513274336,False
service.BenchmarkHandlerGetDestinations,request-id,16,1.0056043672218944,0.9913769176041591,1.013963542031666,False
service.BenchmarkRequestBookings,request-id,16,1.104985718223781,1.0787043573217008,1.1468796975695428,True
service.BenchmarkRequestFlightsQuery,request-id,16,1.011029927501843,1.0028562402607668,1.0214689935339656,True
database.BenchmarkRawGet,request-id,16,0.9914529914529915,0.9753645047762696,1.0142493638676844,False
service.BenchmarkRequestDestinations,request-id,16,1.0026960927490176,0.9942028616154759,1.0128992361111018,False
service.BenchmarkHandlerGetBookings,request-id,16,1.0064140261271577,0.9933056602666587,1.0162761018460262,False
service.BenchmarkRequestCreateBooking,request-id,16,2.1675880741233122,2.1199321647066283,2.212827078392676,True
database.BenchmarkGet,request-id,16,1.0022225309070705,0.9628582963262011,1.0426160337552743,False
service.BenchmarkRequestFlights,request-id,16,1.0795176719124595,1.0516526040642953,1.0926001050517762,True
database.BenchmarkRawValues,request-id,16,0.9994727587415774,0.9917503959384831,1.006784745924249,False
service.BenchmarkHandlerGetFlights,request-id,16,1.003729888128845,0.981849193829406,1.023648864924174,False
database.BenchmarkValuesGenerics,request-id,16,0.999636728300857,0.9920910178330837,1.005365200115984,False
database.BenchmarkValues,request-id,16,1.0018406609832708,0.9926948786149221,1.0060412604495257,False
service.BenchmarkHandlerCreateBooking,request-id,16,0.9977897183796348,0.9627946658753269,1.021138211382114,False
database.BenchmarkPut,request-id,16,0.9971484316374005,0.9459025955088947,1.0538157494679232,False
service.BenchmarkRequestSeats,request-id,16,1.0639972005036094,1.0394072131099021,1.0815248575594407,True
service.BenchmarkRequestFlight,request-id,16,8.947446650387514,8.880153036617774,9.050776647027316,True
service.BenchmarkHandlerGetFlightSeats,request-id,16,0.9974876690503048,0.9766531374254122,1.0196140567247922,False
service.BenchmarkHandlerGetFlightsQuery,request-id,16,0.9953539795052804,0.9883310164743491,1.0100848707780141,False
service.BenchmarkRequestFlightsQuery,request-id,32,1.019702163354494,0.999139922240728,1.0308359761213755,False
service.BenchmarkHandlerGetDestinations,request-id,32,1.0028551635662544,0.9888452099553346,1.0108955567575375,False
database.BenchmarkRawValues,request-id,32,1.00289065848479,0.9970541252956888,1.0088882528337646,False
service.BenchmarkHandlerGetFlightsQuery,request-id,32,0.9930775794590181,0.9830702115168964,1.0070627668707064,False
service.BenchmarkHandlerCreateBooking,request-id,32,1.0095661804017415,0.9733049978737477,1.0466565085733022,False
service.BenchmarkRequestSeats,request-id,32,1.1068630778116726,1.0848345441072977,1.125454060846057,True
service.BenchmarkHandlerGetFlight,request-id,32,0.9966743412637502,0.9423328098980763,1.0708154506437768,False
service.BenchmarkHandlerGetBookings,request-id,32,0.9967399262542739,0.9833475499119159,1.0090074404763192,False
service.BenchmarkRequestFlights,request-id,32,1.1268945263233758,1.0121408715398108,1.15558534573744,True
service.BenchmarkRequestDestinations,request-id,32,1.0081549880765923,0.9939179991033925,1.0196424668257058,False
database.BenchmarkValues,request-id,32,1.0004213764919123,0.9868311586047298,1.016830118459733,False
database.BenchmarkPut,request-id,32,0.9878426012517085,0.9436629775080329,1.0363919359620515,False
service.BenchmarkRequestBookings,request-id,32,1.1907598972176614,1.1713750630686173,1.2375641410607812,True
service.BenchmarkRequestFlight,request-id,32,14.184144030322173,13.76022913256956,14.39128591116294,True
service.BenchmarkRequestCreateBooking,request-id,32,3.025924116593389,2.958393113342898,3.0875860471273495,True
service.BenchmarkHandlerGetFlights,request-id,32,0.9990966147629758,0.9876888316341422,1.01377020931095,False
database.BenchmarkValuesGenerics,request-id,32,1.0018302533295451,0.9839227285700918,1.017944465633258,False
database.BenchmarkGetGenerics,request-id,32,0.9930786636496739,0.9518891505597903,1.0437313836988897,False
database.BenchmarkRawGet,request-id,32,1.0020222446916076,0.980952380952381,1.0249617931737136,False
service.BenchmarkHandlerGetFlightSeats,request-id,32,0.9872530607704438,0.964255919384406,1.014363144918793,False
database.BenchmarkGet,request-id,32,1.0096774193548386,0.9722222222222222,1.0430561418319966,False
service.BenchmarkHandlerGetDestinations,request-id,64,1.00295352826357,0.9882053649188215,1.0170057878247447,False
service.BenchmarkHandlerGetFlight,request-id,64,1.011637133033589,0.9420026007802341,1.0717367853290185,False
service.BenchmarkRequestDestinations,request-id,64,1.0231252367582833,1.0123139250402158,1.0370934631816342,True
service.BenchmarkRequestSeats,request-id,64,1.1123615234811481,1.1007059029831117,1.1294896108415202,True
database.BenchmarkPut,request-id,64,1.026060606060606,0.9776673096898649,1.0526800798648441,False
database.BenchmarkValuesGenerics,request-id,64,0.9979404673450929,0.9910325681872196,1.0060923310113243,False
database.BenchmarkValues,request-id,64,1.003037947641742,0.9959782116511496,1.0125839778861512,False
service.BenchmarkHandlerGetBookings,request-id,64,1.0002031661047233,0.9866637247686587,1.0093503027352115,False
service.BenchmarkRequestBookings,request-id,64,1.310759713288765,1.2827159990209678,1.342714176380556,True
service.BenchmarkHandlerGetFlights,request-id,64,0.9971738641809338,0.9144862221679654,1.0863245546046232,False
service.BenchmarkHandlerCreateBooking,request-id,64,1.0038822387576836,0.9850460195464465,1.0359769314135314,False
service.BenchmarkRequestCreateBooking,request-id,64,4.511833785004517,4.405913546520971,4.562912808257825,True
database.BenchmarkRawValues,request-id,64,0.9982672088254989,0.9933143140659887,1.0048196780410699,False
database.BenchmarkGet,request-id,64,1.0063649222065063,0.9587942554537481,1.0470121778532993,False
database.BenchmarkRawGet,request-id,64,0.9944556451612904,0.9771485345255837,1.0137264870360956,False
service.BenchmarkRequestFlights,request-id,64,1.2463672135139474,1.2243257977756778,1.255615054315981,True
database.BenchmarkGetGenerics,request-id,64,0.9997274833083526,0.9605814562598219,1.0472806777808144,False
service.BenchmarkRequestFlight,request-id,64,23.900756848950003,23.617947906780554,24.15101645692159,True
service.BenchmarkHandlerGetFlightSeats,request-id,64,0.997539219572974,0.9661183526054518,1.021939590585526,False
service.BenchmarkHandlerGetFlightsQuery,request-id,64,0.9976168174125423,0.9869147214365718,1.0047756304415418,False
service.BenchmarkRequestFlightsQuery,request-id,64,1.0244741742939998,1.0146671532060234,1.0380485502135235,True
database.BenchmarkValuesGenerics,request-id,128,1.0018074734989426,0.9913300319175825,1.0123055758736659,False
service.BenchmarkRequestFlight,request-id,128,39.57096908072214,38.62858300415274,40.181741602611346,True
database.BenchmarkPut,request-id,128,0.9859246898353043,0.9387200223089794,1.0416800715014667,False
service.BenchmarkRequestFlightsQuery,request-id,128,1.0427628858449842,1.0348123536250622,1.0551657238251382,True
service.BenchmarkRequestDestinations,request-id,128,1.0527452256677607,1.036662883213055,1.0594262337873575,True
service.BenchmarkRequestSeats,request-id,128,1.26710653641614,1.2503029573435365,1.2962123246306703,True
service.BenchmarkHandlerGetFlightSeats,request-id,128,0.996616818814356,0.9606406910992047,1.0253715747207035,False
database.BenchmarkGetGenerics,request-id,128,0.9955008601296811,0.9598850124134327,1.0300579592937056,False
service.BenchmarkRequestBookings,request-id,128,1.502227759050271,1.4525078351834544,1.5477135856409043,True
service.BenchmarkHandlerGetBookings,request-id,128,0.9970423242952562,0.987088963032476,1.0105729509886983,False
service.BenchmarkHandlerGetFlights,request-id,128,1.0025038160213866,0.9721066688653183,1.1233177626492146,False
service.BenchmarkRequestFlights,request-id,128,1.425363675159624,1.4049472843622866,1.4488832301719847,True
database.BenchmarkValues,request-id,128,1.0020860857114542,0.9911870096001443,1.010944388697958,False
database.BenchmarkRawGet,request-id,128,1.0055276381909548,0.9825956802264163,1.0245801331285196,False
service.BenchmarkHandlerCreateBooking,request-id,128,0.9852311245204306,0.9532768433959847,1.0181208053691275,False
service.BenchmarkHandlerGetFlightsQuery,request-id,128,1.0031276548694383,0.9937778628134732,1.009368480590722,False
service.BenchmarkHandlerGetDestinations,request-id,128,0.9998340167494537,0.9878678330858106,1.010500660792723,False
service.BenchmarkHandlerGetFlight,request-id,128,1.0070239334027056,0.9313358302122348,1.0611916264090175,False
service.BenchmarkRequestCreateBooking,request-id,128,6.990506431127301,6.860669243931809,7.160679938844958,True
database.BenchmarkRawValues,request-id,128,1.0001475687021952,0.9936618984697542,1.0073411891090351,False
database.BenchmarkGet,request-id,128,0.991634668129457,0.9599144842330305,1.0367986567790681,False
database.BenchmarkRawGet,request-id,256,0.9979909593169263,0.9795816733067728,1.0210529491148685,False
database.BenchmarkValuesGenerics,request-id,256,1.0005734022303945,0.9930403266504565,1.007504515923543,False
database.BenchmarkGet,request-id,256,0.9978902953586498,0.9603206957467048,1.0466931592392847,False
database.BenchmarkValues,request-id,256,0.9978476592904048,0.9921528964134689,1.0075588250627896,False
service.BenchmarkHandlerCreateBooking,request-id,256,1.005392691182376,0.9760060600321939,1.0347121220935869,False
service.BenchmarkRequestFlightsQuery,request-id,256,1.0954530982868707,1.0801592183309383,1.111940014292023,True
database.BenchmarkRawValues,request-id,256,0.9999406322527024,0.9905783614123529,1.0120699055633942,False
service.BenchmarkRequestFlights,request-id,256,1.7536089102937018,1.7163643608205983,1.8026226793410682,True
database.BenchmarkGetGenerics,request-id,256,0.9971346704871061,0.9591460200316289,1.0455856103254153,False
service.BenchmarkRequestSeats,request-id,256,1.5871031849798651,1.5593660387384731,1.6188208326821343,True
service.BenchmarkHandlerGetFlights,request-id,256,1.0039384138364078,0.9893144945362625,1.0951414231976597,False
service.BenchmarkHandlerGetFlightsQuery,request-id,256,0.9987230491957396,0.9801905200414073,1.0183471130413788,False
service.BenchmarkRequestCreateBooking,request-id,256,12.646824819288797,12.408575472748382,12.925896546025449,True
service.BenchmarkRequestBookings,request-id,256,1.940442146300468,1.8940506105419233,1.994311936935115,True
service.BenchmarkHandlerGetFlightSeats,request-id,256,1.005304919175767,0.9886961957137288,1.0276347782822077,False
service.BenchmarkHandlerGetDestinations,request-id,256,0.9989551571409454,0.9767099815291383,1.0172796186757076,False
service.BenchmarkRequestFlight,request-id,256,78.09566979522184,76.91949553336836,78.79435743402703,True
service.BenchmarkHandlerGetBookings,request-id,256,0.9984468548811343,0.9808923024644834,1.0131525500310492,False
database.BenchmarkPut,request-id,256,0.9915191191786937,0.9633942216723673,1.03751748569215,False
service.BenchmarkHandlerGetFlight,request-id,256,0.9888594164456234,0.9464839710444675,1.0584380155282338,False
service.BenchmarkRequestDestinations,request-id,256,1.0932130834925848,1.071342233893967,1.1110442184150788,True
database.BenchmarkValuesGenerics,request-id,512,1.0010169508307603,0.991726995766474,1.0097614561783732,False
database.BenchmarkGet,request-id,512,1.0019662921348316,0.9589764419171405,1.045737739661347,False
service.BenchmarkHandlerGetFlights,request-id,512,1.01498608599096,0.9954515727765211,1.035587354587516,False
service.BenchmarkHandlerGetFlightSeats,request-id,512,1.0168580222717234,0.9730661775503466,1.0293716514286917,False
service.BenchmarkHandlerGetDestinations,request-id,512,1.0011909519675184,0.9904722557398852,1.0099346111379248,False
service.BenchmarkHandlerGetFlightsQuery,request-id,512,1.0033378439580272,0.9958929190168335,1.0118064262047193,False
database.BenchmarkGetGenerics,request-id,512,0.9982372881355933,0.9640651506293697,1.0449845286829653,False
service.BenchmarkRequestFlights,request-id,512,2.310200812983406,2.2672173427092384,2.344411180061739,True
service.BenchmarkHandlerGetFlight,request-id,512,0.9950235725510739,0.9289327263530602,1.0528422738190553,False
database.BenchmarkRawGet,request-id,512,0.9984810126582278,0.9733464955577491,1.018301982714794,False
database.BenchmarkRawValues,request-id,512,0.9983755050557553,0.9955830254269996,1.0066838489405654,False
service.BenchmarkRequestBookings,request-id,512,3.0275358443952194,2.8956848395586703,3.075138548196602,True
database.BenchmarkValues,request-id,512,0.9971130310790189,0.9920939561446953,1.0063309710749313,False
service.BenchmarkHandlerCreateBooking,request-id,512,1.0012479840258044,0.9685253473386226,1.0393335523899723,False
service.BenchmarkRequestSeats,request-id,512,2.24247986915902,2.2193472397439984,2.271865588810953,True
service.BenchmarkRequestFlight,request-id,512,151.6130057191273,150.72025316455696,152.45089285714286,True
database.BenchmarkPut,request-id,512,1.0010140518615096,0.9700638065197685,1.0313207450366855,False
service.BenchmarkRequestDestinations,request-id,512,1.1788714087714904,1.168187072704897,1.189906881995316,True
service.BenchmarkRequestCreateBooking,request-id,512,24.271833901012045,23.669766701170477,24.764224940175485,True
service.BenchmarkRequestFlightsQuery,request-id,512,1.1887708828782195,1.1775065976086054,1.199656196233415,True
service.BenchmarkHandlerGetBookings,request-id,512,0.9999253129387864,0.9864375958240942,1.0079623381108358,False
database.BenchmarkRawGet,request-id,1024,0.9984917043740574,0.9810094952523739,1.0212443095599395,False
service.BenchmarkHandlerGetFlightsQuery,request-id,1024,0.9952819715052056,0.9865073880681886,1.0058626794231558,False
service.BenchmarkHandlerGetFlightSeats,request-id,1024,0.9941449658730322,0.9767416845146539,1.0244012531253863,False
service.BenchmarkRequestFlight,request-id,1024,298.38284210526314,296.49759251311764,302.22625568040985,True
service.BenchmarkRequestFlights,request-id,1024,3.6551276780412048,3.5994880350478327,3.6878431149825084,True
service.BenchmarkHandlerGetFlights,request-id,1024,0.9938470553765015,0.9765100222791541,1.0077916073335564,False
service.BenchmarkRequestCreateBooking,request-id,1024,47.30395389839362,45.78811720343405,48.28361295487142,True
database.BenchmarkRawValues,request-id,1024,1.000270354523059,0.9912508425851817,1.0083294296350296,False
service.BenchmarkHandlerGetBookings,request-id,1024,0.9997025190159564,0.9889336454136326,1.0138901209950635,False
service.BenchmarkHandlerGetDestinations,request-id,1024,1.00335500947873,0.9924901060604392,1.011150938024126,False
service.BenchmarkRequestBookings,request-id,1024,4.99148968419551,4.916248389786668,5.085431597640642,True
service.BenchmarkRequestSeats,request-id,1024,3.498798510491192,3.4039919104887533,3.5273884252436822,True
database.BenchmarkGetGenerics,request-id,1024,1.0076273494960502,0.9626545217957059,1.0516958424507659,False
service.BenchmarkHandlerGetFlight,request-id,1024,0.9960031974420464,0.9303557910673732,1.0512333965844403,False
database.BenchmarkGet,request-id,1024,0.9980525803310614,0.9629829775736288,1.0369698660714286,False
database.BenchmarkValues,request-id,1024,1.0009301205246421,0.9935786154159076,1.0084078486721004,False
service.BenchmarkRequestFlightsQuery,request-id,1024,1.3833090656695264,1.3703608004843222,1.412973278692789,True
service.BenchmarkHandlerCreateBooking,request-id,1024,0.9972661110901618,0.9657631157612541,1.0311984313420957,False
database.BenchmarkValuesGenerics,request-id,1024,0.9998247209060172,0.9910106079315149,1.0093740547243593,False
database.BenchmarkPut,request-id,1024,0.9950030284675955,0.9477935237535796,1.0375811939375192,False
service.BenchmarkRequestDestinations,request-id,1024,1.3644410726277614,1.34605967543531,1.4073828925741874,True
service.BenchmarkHandlerGetFlight,request-id,2048,1.0139111824505083,0.9395491803278687,1.061922868006518,False
service.BenchmarkHandlerGetFlights,request-id,2048,0.99853736722723,0.9871435806533301,1.0112122516841175,False
service.BenchmarkRequestDestinations,request-id,2048,1.72651817476789,1.709194086277044,1.7419935605178691,True
service.BenchmarkRequestCreateBooking,request-id,2048,93.07248602895518,91.55182235095343,95.44624304578053,True
service.BenchmarkRequestFlights,request-id,2048,6.0474342791284785,5.364973993810567,6.1389346625063475,True
database.BenchmarkGetGenerics,request-id,2048,1.0031014023732472,0.9640655737704917,1.0415418142195587,False
service.BenchmarkRequestBookings,request-id,2048,9.020875478011828,8.877262807657115,9.103147640170228,True
service.BenchmarkHandlerGetFlightsQuery,request-id,2048,0.9956896610942112,0.9828476891833622,1.005467629805153,False
database.BenchmarkRawValues,request-id,2048,0.9999375868582889,0.9948802373293816,1.0049494411180702,False
service.BenchmarkHandlerGetDestinations,request-id,2048,1.0009610388004784,0.9869186617301249,1.0135601719083023,False
database.BenchmarkRawGet,request-id,2048,0.9989863152559553,0.9776665437149308,1.0133264992311635,False
service.BenchmarkRequestFlightsQuery,request-id,2048,1.7706301761387815,1.7503808563436456,1.8028573618439505,True
database.BenchmarkValuesGenerics,request-id,2048,0.9980933865155392,0.9896712964707632,1.0081304380982812,False
database.BenchmarkValues,request-id,2048,0.9989145870015708,0.9922380929295594,1.0059999472232528,False
service.BenchmarkHandlerGetFlightSeats,request-id,2048,1.0094314695337776,0.968700229739291,1.0298706851341357,False
service.BenchmarkHandlerCreateBooking,request-id,2048,0.9989818236669433,0.965209082733813,1.0339817110973342,False
database.BenchmarkPut,request-id,2048,0.9949042731309601,0.952306154505212,1.037124685697382,False
database.BenchmarkGet,request-id,2048,0.9977746870653686,0.9576815316428671,1.0463566770626596,False
service.BenchmarkRequestSeats,request-id,2048,6.104831717506109,5.972211375401642,6.169933031459217,True
service.BenchmarkHandlerGetBookings,request-id,2048,1.0003514849494444,0.9860008321899383,1.011097646724414,False
service.BenchmarkRequestFlight,request-id,2048,597.4500053016646,589.695483600545,608.1979492714516,True
